2Theta,Intensity
5.01,20
5.029999999999999,24
5.05,25
5.069999999999999,23
5.09,21
5.109999999999999,13
5.13,25
5.1499999999999995,16
5.17,12
5.1899999999999995,13
5.21,20
5.2299999999999995,14
5.25,22
5.27,17
5.29,20
5.31,15
5.33,21
5.35,16
5.37,15
5.39,21
5.41,18
5.43,21
5.449999999999999,24
5.47,14
5.489999999999999,6
5.51,17
5.529999999999999,13
5.55,22
5.569999999999999,13
5.59,20
5.609999999999999,23
5.63,10
5.6499999999999995,22
5.67,19
5.6899999999999995,13
5.71,22
5.7299999999999995,17
5.75,22
5.77,21
5.79,17
5.81,16
5.83,17
5.85,16
5.869999999999999,13
5.89,21
5.91,11
5.93,16
5.949999999999999,19
5.97,19
5.989999999999999,21
6.01,18
6.029999999999999,12
6.05,17
6.069999999999999,21
6.09,21
6.109999999999999,15
6.13,14
6.1499999999999995,15
6.17,18
6.1899999999999995,25
6.209999999999999,8
6.2299999999999995,22
6.25,16
6.27,13
6.289999999999999,19
6.31,17
6.33,12
6.35,15
6.369999999999999,16
6.39,22
6.409999999999999,16
6.43,18
6.449999999999999,20
6.47,18
6.489999999999999,15
6.51,16
6.529999999999999,16
6.55,22
6.569999999999999,13
6.59,21
6.609999999999999,25
6.629999999999999,22
6.6499999999999995,19
6.67,21
6.6899999999999995,21
6.709999999999999,9
6.7299999999999995,14
6.75,8
6.77,11
6.789999999999999,14
6.81,14
6.829999999999999,10
6.85,8
6.869999999999999,17
6.89,12
6.909999999999999,14
6.93,22
6.949999999999999,13
6.97,21
6.989999999999999,13
7.01,10
7.029999999999999,20
7.049999999999999,14
7.069999999999999,17
7.09,7
7.109999999999999,16
7.129999999999999,11
7.1499999999999995,14
7.17,5
7.1899999999999995,16
7.209999999999999,12
7.2299999999999995,12
7.25,17
7.27,12
7.289999999999999,11
7.31,14
7.33,16
7.35,18
7.369999999999999,13
7.389999999999999,12
7.409999999999999,10
7.43,8
7.449999999999999,14
7.469999999999999,10
7.489999999999999,17
7.51,22
7.529999999999999,15
7.549999999999999,14
7.569999999999999,17
7.59,10
7.609999999999999,19
7.629999999999999,15
7.6499999999999995,16
7.67,6
7.6899999999999995,11
7.709999999999999,14
7.7299999999999995,5
7.75,16
7.77,18
7.789999999999999,8
7.809999999999999,14
7.829999999999999,18
7.85,8
7.869999999999999,12
7.889999999999999,19
7.909999999999999,10
7.93,7
7.949999999999999,7
7.969999999999999,12
7.989999999999999,11
8.01,16
8.03,14
8.049999999999999,19
8.07,12
8.09,14
8.11,13
8.129999999999999,9
8.149999999999999,11
8.17,15
8.19,12
8.209999999999999,13
8.229999999999999,17
8.25,15
8.27,13
8.29,10
8.309999999999999,10
8.329999999999998,15
8.35,11
8.37,12
8.389999999999999,13
8.41,11
8.43,16
8.45,9
8.469999999999999,11
8.489999999999998,12
8.51,14
8.53,11
8.549999999999999,13
8.57,11
8.59,14
8.61,8
8.629999999999999,15
8.649999999999999,16
8.669999999999998,15
8.69,12
8.709999999999999,7
8.729999999999999,13
8.75,15
8.77,7
8.79,14
8.809999999999999,14
8.829999999999998,10
8.85,8
8.87,12
8.889999999999999,9
8.91,10
8.93,14
8.95,12
8.969999999999999,13
8.989999999999998,9
9.01,4
9.03,16
9.049999999999999,11
9.07,12
9.09,10
9.11,9
9.129999999999999,14
9.149999999999999,16
9.169999999999998,13
9.19,12
9.209999999999999,10
9.23,5
9.25,7
9.27,14
9.29,9
9.309999999999999,11
9.329999999999998,17
9.349999999999998,11
9.37,9
9.389999999999999,8
9.41,11
9.43,14
9.45,11
9.469999999999999,13
9.489999999999998,12
9.509999999999998,15
9.53,3
9.549999999999999,6
9.57,9
9.59,18
9.61,15
9.629999999999999,8
9.649999999999999,8
9.669999999999998,9
9.69,13
9.709999999999999,7
9.729999999999999,13
9.75,11
9.77,6
9.79,15
9.809999999999999,12
9.829999999999998,11
9.849999999999998,20
9.87,8
9.889999999999999,14
9.91,15
9.93,9
9.95,10
9.969999999999999,7
9.989999999999998,9
10.009999999999998,9
10.03,11
10.049999999999999,15
10.07,15
10.09,13
10.11,11
10.129999999999999,16
10.149999999999999,12
10.169999999999998,8
10.189999999999998,11
10.209999999999999,13
10.229999999999999,9
10.25,9
10.27,9
10.29,3
10.309999999999999,16
10.329999999999998,13
10.349999999999998,14
10.37,12
10.389999999999999,14
10.41,10
10.43,9
10.45,22
10.469999999999999,9
10.489999999999998,6
10.509999999999998,14
10.53,10
10.549999999999999,11
10.569999999999999,9
10.59,10
10.61,16
10.629999999999999,5
10.649999999999999,6
10.669999999999998,8
10.689999999999998,11
10.709999999999999,10
10.729999999999999,17
10.75,9
10.77,14
10.79,13
10.809999999999999,11
10.829999999999998,7
10.849999999999998,4
10.87,13
10.889999999999999,12
10.91,19
10.93,16
10.95,14
10.969999999999999,8
10.989999999999998,10
11.009999999999998,11
11.029999999999998,13
11.049999999999999,9
11.069999999999999,5
11.09,14
11.11,10
11.129999999999999,12
11.149999999999999,10
11.169999999999998,8
11.189999999999998,6
11.209999999999999,12
11.229999999999999,13
11.25,13
11.27,8
11.29,14
11.309999999999999,7
11.329999999999998,10
11.349999999999998,9
11.37,7
11.389999999999999,10
11.409999999999998,15
11.43,12
11.45,12
11.469999999999999,6
11.489999999999998,10
11.509999999999998,5
11.529999999999998,8
11.549999999999999,8
11.569999999999999,9
11.59,16
11.61,8
11.629999999999999,5
11.649999999999999,16
11.669999999999998,12
11.689999999999998,5
11.709999999999999,6
11.729999999999999,12
11.75,7
11.77,6
11.79,10
11.809999999999999,9
11.829999999999998,10
11.849999999999998,8
11.869999999999997,10
11.889999999999999,12
11.909999999999998,9
11.93,10
11.95,10
11.969999999999999,10
11.989999999999998,10
12.009999999999998,10
12.029999999999998,11
12.049999999999999,9
12.069999999999999,9
12.09,9
12.11,10
12.129999999999999,18
12.149999999999999,16
12.169999999999998,7
12.189999999999998,11
12.209999999999999,11
12.229999999999999,9
12.25,19
12.27,9
12.29,9
12.309999999999999,7
12.329999999999998,9
12.349999999999998,9
12.369999999999997,11
12.389999999999999,15
12.409999999999998,11
12.43,9
12.45,15
12.469999999999999,7
12.489999999999998,17
12.509999999999998,7
12.529999999999998,16
12.549999999999999,13
12.569999999999999,11
12.59,12
12.61,9
12.629999999999999,17
12.649999999999999,18
12.669999999999998,12
12.689999999999998,17
12.709999999999997,6
12.729999999999999,11
12.749999999999998,9
12.77,9
12.79,10
12.809999999999999,10
12.829999999999998,13
12.849999999999998,14
12.869999999999997,9
12.889999999999999,13
12.909999999999998,13
12.93,5
12.95,6
12.969999999999999,10
12.989999999999998,7
13.009999999999998,2
13.03,6
13.049999999999999,15
13.069999999999999,21
13.089999999999998,13
13.11,7
13.129999999999999,11
13.149999999999999,7
13.169999999999998,9
13.189999999999998,8
13.209999999999999,20
13.229999999999999,11
13.249999999999998,7
13.269999999999998,12
13.29,13
13.309999999999999,17
13.329999999999998,12
13.349999999999998,7
13.37,9
13.389999999999999,5
13.409999999999998,9
13.429999999999998,10
13.45,10
13.469999999999999,10
13.489999999999998,10
13.509999999999998,10
13.53,11
13.549999999999999,10
13.569999999999999,12
13.589999999999998,13
13.609999999999998,6
13.629999999999999,12
13.649999999999999,16
13.669999999999998,18
13.689999999999998,9
13.709999999999999,8
13.729999999999999,7
13.749999999999998,15
13.769999999999998,11
13.79,11
13.809999999999999,12
13.829999999999998,10
13.849999999999998,9
13.87,4
13.889999999999999,14
13.909999999999998,11
13.929999999999998,8
13.95,10
13.969999999999999,13
13.989999999999998,9
14.009999999999998,9
14.029999999999998,6
14.049999999999999,13
14.069999999999999,7
14.089999999999998,11
14.109999999999998,11
14.129999999999999,13
14.149999999999999,16
14.169999999999998,3
14.189999999999998,4
14.209999999999999,9
14.229999999999999,12
14.249999999999998,6
14.269999999999998,3
14.29,10
14.309999999999999,10
14.329999999999998,6
14.349999999999998,7
14.37,10
14.389999999999999,8
14.409999999999998,9
14.429999999999998,11
14.449999999999998,13
14.469999999999999,10
14.489999999999998,9
14.509999999999998,10
14.529999999999998,11
14.549999999999999,10
14.569999999999999,10
14.589999999999998,8
14.609999999999998,11
14.629999999999999,8
14.649999999999999,13
14.669999999999998,7
14.689999999999998,9
14.709999999999999,10
14.729999999999999,16
14.749999999999998,5
14.769999999999998,13
14.79,10
14.809999999999999,9
14.829999999999998,10
14.849999999999998,7
14.869999999999997,9
14.889999999999999,12
14.909999999999998,9
14.929999999999998,7
14.949999999999998,5
14.969999999999999,15
14.989999999999998,16
15.009999999999998,8
15.029999999999998,8
15.049999999999999,13
15.069999999999999,12
15.089999999999998,6
15.109999999999998,12
15.129999999999999,14
15.149999999999999,8
15.169999999999998,9
15.189999999999998,15
15.209999999999999,9
15.229999999999999,8
15.249999999999998,7
15.269999999999998,9
15.289999999999997,13
15.309999999999999,9
15.329999999999998,10
15.349999999999998,12
15.369999999999997,14
15.389999999999999,10
15.409999999999998,15
15.429999999999998,5
15.449999999999998,8
15.469999999999999,6
15.489999999999998,12
15.509999999999998,8
15.529999999999998,12
15.549999999999999,14
15.569999999999999,12
15.589999999999998,10
15.609999999999998,8
15.629999999999999,7
15.649999999999999,8
15.669999999999998,12
15.689999999999998,14
15.709999999999997,8
15.729999999999999,8
15.749999999999998,5
15.769999999999998,9
15.789999999999997,15
15.809999999999999,7
15.829999999999998,15
15.849999999999998,5
15.869999999999997,11
15.889999999999999,10
15.909999999999998,15
15.929999999999998,6
15.949999999999998,13
15.969999999999999,9
15.989999999999998,7
16.009999999999998,12
16.029999999999998,8
16.049999999999997,12
16.07,10
16.089999999999996,8
16.11,6
16.129999999999995,15
16.15,11
16.169999999999998,10
16.189999999999998,13
16.209999999999997,9
16.229999999999997,15
16.25,9
16.269999999999996,12
16.29,15
16.31,8
16.33,13
16.349999999999998,13
16.369999999999997,15
16.39,17
16.409999999999997,13
16.43,20
16.449999999999996,14
16.47,10
16.49,11
16.509999999999998,12
16.529999999999998,16
16.549999999999997,14
16.57,9
16.589999999999996,16
16.61,10
16.629999999999995,12
16.65,16
16.669999999999998,14
16.689999999999998,12
16.709999999999997,11
16.729999999999997,18
16.75,14
16.769999999999996,10
16.79,11
16.81,9
16.83,17
16.849999999999998,14
16.869999999999997,12
16.89,12
16.909999999999997,10
16.93,13
16.949999999999996,12
16.97,15
16.99,14
17.009999999999998,10
17.029999999999998,11
17.049999999999997,8
17.07,17
17.089999999999996,11
17.11,9
17.129999999999995,16
17.15,17
17.169999999999998,20
17.189999999999998,12
17.209999999999997,7
17.229999999999997,11
17.25,15
17.269999999999996,12
17.29,16
17.31,4
17.33,12
17.349999999999998,8
17.369999999999997,13
17.389999999999997,16
17.409999999999997,6
17.43,12
17.449999999999996,12
17.47,11
17.49,9
17.509999999999998,12
17.529999999999998,10
17.549999999999997,7
17.57,16
17.589999999999996,12
17.61,10
17.629999999999995,11
17.65,16
17.669999999999998,15
17.689999999999998,7
17.709999999999997,7
17.729999999999997,11
17.75,16
17.769999999999996,5
17.79,6
17.809999999999995,13
17.83,10
17.849999999999998,11
17.869999999999997,7
17.889999999999997,8
17.909999999999997,7
17.93,6
17.949999999999996,15
17.97,8
17.99,5
18.009999999999998,13
18.029999999999998,4
18.049999999999997,5
18.07,9
18.089999999999996,10
18.11,11
18.129999999999995,10
18.15,9
18.169999999999998,5
18.189999999999998,9
18.209999999999997,6
18.229999999999997,13
18.25,10
18.269999999999996,9
18.29,5
18.309999999999995,6
18.33,8
18.349999999999998,7
18.369999999999997,8
18.389999999999997,8
18.409999999999997,12
18.43,7
18.449999999999996,15
18.47,8
18.49,11
18.509999999999998,11
18.529999999999998,14
18.549999999999997,11
18.57,7
18.589999999999996,7
18.61,9
18.629999999999995,12
18.65,6
18.669999999999998,8
18.689999999999998,6
18.709999999999997,9
18.729999999999997,10
18.75,13
18.769999999999996,9
18.79,13
18.809999999999995,8
18.83,8
18.849999999999998,8
18.869999999999997,13
18.889999999999997,7
18.909999999999997,8
18.93,14
18.949999999999996,7
18.97,6
18.99,9
19.009999999999998,7
19.029999999999998,4
19.049999999999997,17
19.07,12
19.089999999999996,12
19.11,11
19.129999999999995,12
19.15,6
19.169999999999998,13
19.189999999999998,11
19.209999999999997,7
19.229999999999997,9
19.25,11
19.269999999999996,9
19.29,5
19.309999999999995,6
19.33,14
19.349999999999998,10
19.369999999999997,15
19.389999999999997,13
19.409999999999997,12
19.43,12
19.449999999999996,8
19.47,9
19.49,12
19.509999999999998,9
19.529999999999998,7
19.549999999999997,12
19.569999999999997,8
19.589999999999996,11
19.61,6
19.629999999999995,7
19.65,8
19.669999999999998,3
19.689999999999998,9
19.709999999999997,8
19.729999999999997,14
19.75,8
19.769999999999996,6
19.79,5
19.809999999999995,13
19.83,9
19.849999999999998,12
19.869999999999997,5
19.889999999999997,13
19.909999999999997,11
19.93,8
19.949999999999996,5
19.97,14
19.989999999999995,15
20.009999999999998,10
20.029999999999998,5
20.049999999999997,6
20.069999999999997,8
20.089999999999996,9
20.11,6
20.129999999999995,5
20.15,9
20.169999999999998,8
20.189999999999998,8
20.209999999999997,3
20.229999999999997,5
20.25,12
20.269999999999996,9
20.29,13
20.309999999999995,9
20.33,11
20.349999999999998,6
20.369999999999997,6
20.389999999999997,7
20.409999999999997,7
20.43,6
20.449999999999996,8
20.47,12
20.489999999999995,5
20.509999999999998,2
20.529999999999998,6
20.549999999999997,13
20.569999999999997,4
20.589999999999996,5
20.61,12
20.629999999999995,6
20.65,9
20.669999999999998,15
20.689999999999998,8
20.709999999999997,11
20.729999999999997,9
20.75,12
20.769999999999996,10
20.79,9
20.809999999999995,6
20.83,7
20.849999999999998,6
20.869999999999997,10
20.889999999999997,11
20.909999999999997,15
20.93,10
20.949999999999996,10
20.97,10
20.989999999999995,3
21.009999999999998,14
21.029999999999994,8
21.049999999999997,8
21.07,17
21.089999999999996,6
21.11,9
21.129999999999995,6
21.15,8
21.169999999999995,4
21.189999999999998,8
21.21,7
21.229999999999997,8
21.25,9
21.269999999999996,8
21.29,8
21.309999999999995,7
21.33,7
21.349999999999994,7
21.369999999999997,13
21.39,11
21.409999999999997,14
21.43,6
21.449999999999996,6
21.47,5
21.489999999999995,10
21.509999999999998,10
21.529999999999994,8
21.549999999999997,8
21.57,7
21.589999999999996,6
21.61,11
21.629999999999995,8
21.65,10
21.669999999999995,8
21.689999999999998,9
21.709999999999994,12
21.729999999999997,8
21.75,8
21.769999999999996,12
21.79,7
21.809999999999995,13
21.83,7
21.849999999999994,12
21.869999999999997,18
21.89,5
21.909999999999997,13
21.93,6
21.949999999999996,3
21.97,12
21.989999999999995,10
22.009999999999998,10
22.029999999999994,7
22.049999999999997,17
22.07,10
22.089999999999996,6
22.11,5
22.129999999999995,8
22.15,5
22.169999999999995,9
22.189999999999998,9
22.209999999999994,12
22.229999999999997,12
22.25,11
22.269999999999996,7
22.29,10
22.309999999999995,12
22.33,13
22.349999999999994,12
22.369999999999997,9
22.39,10
22.409999999999997,19
22.43,10
22.449999999999996,13
22.47,10
22.489999999999995,17
22.509999999999998,9
22.529999999999994,15
22.549999999999997,24
22.57,26
22.589999999999996,18
22.61,26
22.629999999999995,25
22.65,63
22.669999999999995,125
22.689999999999998,275
22.709999999999994,1293
22.729999999999997,27878
22.75,77527
22.769999999999996,12446
22.79,613
22.809999999999995,198
22.83,124
22.849999999999994,70
22.869999999999997,44
22.89,22
22.909999999999997,29
22.93,15
22.949999999999996,15
22.97,15
22.989999999999995,19
23.009999999999998,12
23.029999999999994,7
23.049999999999997,13
23.07,8
23.089999999999996,10
23.11,12
23.129999999999995,11
23.15,13
23.169999999999995,14
23.189999999999998,11
23.209999999999994,9
23.229999999999997,13
23.25,8
23.269999999999996,10
23.29,8
23.309999999999995,13
23.33,11
23.349999999999994,10
23.369999999999997,6
23.389999999999993,9
23.409999999999997,5
23.43,10
23.449999999999996,11
23.47,10
23.489999999999995,14
23.509999999999998,8
23.529999999999994,7
23.549999999999997,9
23.57,7
23.589999999999996,12
23.61,10
23.629999999999995,7
23.65,7
23.669999999999995,10
23.689999999999998,7
23.709999999999994,11
23.729999999999997,10
23.75,9
23.769999999999996,11
23.79,5
23.809999999999995,9
23.83,9
23.849999999999994,14
23.869999999999997,11
23.889999999999993,8
23.909999999999997,7
23.93,9
23.949999999999996,10
23.97,8
23.989999999999995,10
24.009999999999998,7
24.029999999999994,3
24.049999999999997,5
24.07,14
24.089999999999996,7
24.11,6
24.129999999999995,12
24.15,9
24.169999999999995,5
24.189999999999998,9
24.209999999999994,7
24.229999999999997,9
24.25,5
24.269999999999996,6
24.29,10
24.309999999999995,10
24.33,8
24.349999999999994,7
24.369999999999997,15
24.389999999999993,9
24.409999999999997,10
24.43,4
24.449999999999996,7
24.47,6
24.489999999999995,6
24.509999999999998,6
24.529999999999994,8
24.549999999999997,12
24.57,12
24.589999999999996,6
24.61,5
24.629999999999995,4
24.65,9
24.669999999999995,7
24.689999999999998,8
24.709999999999994,8
24.729999999999997,10
24.75,6
24.769999999999996,8
24.79,9
24.809999999999995,9
24.83,10
24.849999999999994,7
24.869999999999997,11
24.889999999999993,10
24.909999999999997,10
24.93,4
24.949999999999996,13
24.97,13
24.989999999999995,9
25.009999999999998,2
25.029999999999994,8
25.049999999999997,6
25.069999999999993,10
25.089999999999996,10
25.11,9
25.129999999999995,12
25.15,7
25.169999999999995,3
25.189999999999998,6
25.209999999999994,9
25.229999999999997,10
25.25,5
25.269999999999996,6
25.29,8
25.309999999999995,4
25.33,4
25.349999999999994,4
25.369999999999997,5
25.389999999999993,10
25.409999999999997,10
25.43,9
25.449999999999996,5
25.47,3
25.489999999999995,10
25.509999999999998,8
25.529999999999994,10
25.549999999999997,8
25.569999999999993,9
25.589999999999996,9
25.61,6
25.629999999999995,10
25.65,3
25.669999999999995,5
25.689999999999998,10
25.709999999999994,5
25.729999999999997,7
25.75,8
25.769999999999996,10
25.79,7
25.809999999999995,12
25.83,7
25.849999999999994,9
25.869999999999997,3
25.889999999999993,8
25.909999999999997,7
25.93,10
25.949999999999996,8
25.97,8
25.989999999999995,3
26.009999999999998,9
26.029999999999994,10
26.049999999999997,7
26.069999999999993,9
26.089999999999996,6
26.11,7
26.129999999999995,6
26.15,16
26.169999999999995,8
26.189999999999998,16
26.209999999999994,7
26.229999999999997,12
26.25,5
26.269999999999996,10
26.29,7
26.309999999999995,6
26.33,10
26.349999999999994,9
26.369999999999997,11
26.389999999999993,14
26.409999999999997,7
26.43,7
26.449999999999996,7
26.47,6
26.489999999999995,10
26.509999999999998,7
26.529999999999994,7
26.549999999999997,7
26.569999999999993,5
26.589999999999996,4
26.61,9
26.629999999999995,7
26.65,9
26.669999999999995,6
26.689999999999998,11
26.709999999999994,6
26.729999999999997,10
26.75,13
26.769999999999996,8
26.79,10
26.809999999999995,10
26.83,11
26.849999999999994,10
26.869999999999997,11
26.889999999999993,10
26.909999999999997,11
26.93,8
26.949999999999996,10
26.97,13
26.989999999999995,16
27.009999999999998,10
27.029999999999994,5
27.049999999999997,7
27.069999999999993,8
27.089999999999996,7
27.11,9
27.129999999999995,7
27.15,9
27.169999999999995,12
27.189999999999998,8
27.209999999999994,16
27.229999999999997,9
27.249999999999993,9
27.269999999999996,4
27.29,11
27.309999999999995,6
27.33,11
27.349999999999994,10
27.369999999999997,9
27.389999999999993,8
27.409999999999997,9
27.43,4
27.449999999999996,9
27.47,9
27.489999999999995,8
27.509999999999998,7
27.529999999999994,15
27.549999999999997,8
27.569999999999993,7
27.589999999999996,9
27.61,9
27.629999999999995,17
27.65,8
27.669999999999995,8
27.689999999999998,9
27.709999999999994,9
27.729999999999997,5
27.749999999999993,9
27.769999999999996,10
27.79,6
27.809999999999995,12
27.83,6
27.849999999999994,12
27.869999999999997,3
27.889999999999993,8
27.909999999999997,10
27.93,13
27.949999999999996,8
27.97,17
27.989999999999995,6
28.009999999999998,9
28.029999999999994,7
28.049999999999997,9
28.069999999999993,13
28.089999999999996,15
28.11,9
28.129999999999995,13
28.15,9
28.169999999999995,9
28.189999999999998,6
28.209999999999994,13
28.229999999999997,7
28.249999999999993,7
28.269999999999996,21
28.29,8
28.309999999999995,8
28.33,7
28.349999999999994,10
28.369999999999997,11
28.389999999999993,13
28.409999999999997,21
28.43,7
28.449999999999996,10
28.47,10
28.489999999999995,5
28.509999999999998,5
28.529999999999994,12
28.549999999999997,9
28.569999999999993,3
28.589999999999996,11
28.61,10
28.629999999999995,6
28.65,11
28.669999999999995,9
28.689999999999998,15
28.709999999999994,5
28.729999999999997,6
28.749999999999993,10
28.769999999999996,7
28.79,6
28.809999999999995,8
28.83,11
28.849999999999994,9
28.869999999999997,7
28.889999999999993,8
28.909999999999997,7
28.929999999999993,4
28.949999999999996,12
28.97,11
28.989999999999995,9
29.009999999999998,4
29.029999999999994,7
29.049999999999997,5
29.069999999999993,10
29.089999999999996,7
29.11,6
29.129999999999995,5
29.15,10
29.169999999999995,10
29.189999999999998,6
29.209999999999994,8
29.229999999999997,6
29.249999999999993,5
29.269999999999996,7
29.29,7
29.309999999999995,7
29.33,5
29.349999999999994,5
29.369999999999997,11
29.389999999999993,12
29.409999999999997,10
29.429999999999993,12
29.449999999999996,10
29.47,10
29.489999999999995,6
29.509999999999998,8
29.529999999999994,10
29.549999999999997,4
29.569999999999993,4
29.589999999999996,7
29.61,4
29.629999999999995,5
29.65,6
29.669999999999995,8
29.689999999999998,8
29.709999999999994,1
29.729999999999997,8
29.749999999999993,5
29.769999999999996,10
29.79,7
29.809999999999995,6
29.83,7
29.849999999999994,8
29.869999999999997,13
29.889999999999993,4
29.909999999999997,1
29.929999999999993,8
29.949999999999996,7
29.97,5
29.989999999999995,10
30.009999999999998,10
30.029999999999994,6
30.049999999999997,4
30.069999999999993,6
30.089999999999996,4
30.11,4
30.129999999999995,5
30.15,7
30.169999999999995,5
30.189999999999998,6
30.209999999999994,9
30.229999999999997,12
30.249999999999993,5
30.269999999999996,7
30.29,7
30.309999999999995,7
30.33,6
30.349999999999994,5
30.369999999999997,7
30.389999999999993,4
30.409999999999997,9
30.429999999999993,2
30.449999999999996,9
30.47,3
30.489999999999995,5
30.509999999999998,6
30.529999999999994,2
30.549999999999997,4
30.569999999999993,4
30.589999999999996,7
30.609999999999992,8
30.629999999999995,4
30.65,5
30.669999999999995,4
30.689999999999998,5
30.709999999999994,5
30.729999999999997,3
30.749999999999993,7
30.769999999999996,9
30.79,6
30.809999999999995,9
30.83,6
30.849999999999994,4
30.869999999999997,2
30.889999999999993,9
30.909999999999997,5
30.929999999999993,7
30.949999999999996,7
30.97,2
30.989999999999995,11
31.009999999999998,6
31.029999999999994,7
31.049999999999997,6
31.069999999999993,2
31.089999999999996,6
31.109999999999992,4
31.129999999999995,4
31.15,6
31.169999999999995,3
31.189999999999998,9
31.209999999999994,5
31.229999999999997,2
31.249999999999993,5
31.269999999999996,5
31.29,8
31.309999999999995,11
31.33,7
31.349999999999994,8
31.369999999999997,4
31.389999999999993,9
31.409999999999997,7
31.429999999999993,5
31.449999999999996,8
31.47,5
31.489999999999995,5
31.509999999999998,9
31.529999999999994,3
31.549999999999997,9
31.569999999999993,4
31.589999999999996,5
31.609999999999992,3
31.629999999999995,8
31.65,8
31.669999999999995,4
31.689999999999998,8
31.709999999999994,10
31.729999999999997,3
31.749999999999993,7
31.769999999999996,7
31.79,9
31.809999999999995,6
31.83,4
31.849999999999994,7
31.869999999999997,6
31.889999999999993,8
31.909999999999997,5
31.929999999999993,4
31.949999999999996,3
31.97,6
31.989999999999995,5
32.01,6
32.029999999999994,4
32.05,4
32.06999999999999,5
32.089999999999996,6
32.10999999999999,4
32.129999999999995,5
32.15,7
32.169999999999995,7
32.19,5
32.209999999999994,7
32.23,2
32.24999999999999,2
32.269999999999996,8
32.29,6
32.309999999999995,5
32.33,7
32.349999999999994,1
32.37,6
32.38999999999999,4
32.41,8
32.42999999999999,5
32.449999999999996,6
32.47,4
32.489999999999995,14
32.51,7
32.529999999999994,0
32.55,6
32.56999999999999,2
32.589999999999996,11
32.60999999999999,3
32.629999999999995,7
32.65,9
32.669999999999995,7
32.69,4
32.709999999999994,4
32.73,5
32.74999999999999,4
32.769999999999996,6
32.78999999999999,5
32.809999999999995,7
32.83,7
32.849999999999994,2
32.87,9
32.88999999999999,12
32.91,12
32.92999999999999,10
32.949999999999996,8
32.97,8
32.989999999999995,15
33.01,13
33.029999999999994,18
33.05,16
33.06999999999999,7
33.089999999999996,10
33.10999999999999,10
33.129999999999995,8
33.15,9
33.169999999999995,12
33.19,9
33.209999999999994,14
33.23,14
33.24999999999999,9
33.269999999999996,16
33.28999999999999,12
33.309999999999995,16
33.33,9
33.349999999999994,12
33.37,8
33.38999999999999,13
33.41,16
33.42999999999999,11
33.449999999999996,11
33.47,17
33.489999999999995,10
33.51,12
33.529999999999994,15
33.55,13
33.56999999999999,13
33.589999999999996,13
33.60999999999999,10
33.629999999999995,11
33.65,14
33.669999999999995,15
33.69,13
33.709999999999994,18
33.73,15
33.74999999999999,20
33.769999999999996,20
33.78999999999999,14
33.809999999999995,11
33.83,13
33.849999999999994,16
33.87,8
33.88999999999999,18
33.91,14
33.92999999999999,25
33.949999999999996,15
33.97,16
33.989999999999995,23
34.01,11
34.029999999999994,15
34.05,20
34.06999999999999,11
34.089999999999996,12
34.10999999999999,13
34.129999999999995,13
34.15,6
34.169999999999995,8
34.19,15
34.209999999999994,17
34.23,15
34.24999999999999,20
34.269999999999996,19
34.28999999999999,14
34.309999999999995,16
34.33,10
34.349999999999994,15
34.37,10
34.38999999999999,13
34.41,8
34.42999999999999,15
34.449999999999996,13
34.46999999999999,17
34.489999999999995,15
34.51,18
34.529999999999994,12
34.55,8
34.56999999999999,13
34.589999999999996,16
34.60999999999999,10
34.629999999999995,9
34.65,9
34.669999999999995,8
34.69,6
34.709999999999994,8
34.73,9
34.74999999999999,11
34.769999999999996,9
34.78999999999999,8
34.809999999999995,8
34.83,10
34.849999999999994,12
34.87,8
34.88999999999999,8
34.91,11
34.92999999999999,7
34.949999999999996,12
34.96999999999999,6
34.989999999999995,9
35.01,3
35.029999999999994,6
35.05,5
35.06999999999999,3
35.089999999999996,6
35.10999999999999,6
35.129999999999995,5
35.15,4
35.169999999999995,8
35.19,4
35.209999999999994,4
35.23,4
35.24999999999999,10
35.269999999999996,4
35.28999999999999,5
35.309999999999995,5
35.33,8
35.349999999999994,7
35.37,2
35.38999999999999,7
35.41,1
35.42999999999999,6
35.449999999999996,8
35.46999999999999,4
35.489999999999995,3
35.51,4
35.529999999999994,6
35.55,5
35.56999999999999,10
35.589999999999996,7
35.60999999999999,6
35.629999999999995,4
35.65,2
35.669999999999995,5
35.69,2
35.709999999999994,3
35.73,6
35.74999999999999,4
35.769999999999996,4
35.78999999999999,3
35.809999999999995,2
35.83,2
35.849999999999994,8
35.87,6
35.88999999999999,6
35.91,0
35.92999999999999,8
35.949999999999996,6
35.96999999999999,6
35.989999999999995,2
36.01,3
36.029999999999994,3
36.05,5
36.06999999999999,5
36.089999999999996,3
36.10999999999999,0
36.129999999999995,3
36.15,8
36.169999999999995,2
36.19,1
36.209999999999994,5
36.23,1
36.24999999999999,3
36.269999999999996,1
36.28999999999999,1
36.309999999999995,6
36.33,6
36.349999999999994,4
36.37,3
36.38999999999999,5
36.41,3
36.42999999999999,3
36.449999999999996,3
36.46999999999999,4
36.489999999999995,3
36.51,3
36.529999999999994,4
36.55,1
36.56999999999999,6
36.589999999999996,2
36.60999999999999,5
36.629999999999995,3
36.64999999999999,4
36.669999999999995,2
36.69,3
36.709999999999994,1
36.73,4
36.74999999999999,4
36.769999999999996,7
36.78999999999999,5
36.809999999999995,2
36.83,4
36.849999999999994,4
36.87,1
36.88999999999999,2
36.91,4
36.92999999999999,2
36.949999999999996,5
36.96999999999999,1
36.989999999999995,2
37.01,8
37.029999999999994,8
37.04999999999999,2
37.06999999999999,2
37.089999999999996,5
37.10999999999999,6
37.129999999999995,4
37.14999999999999,3
37.169999999999995,3
37.18999999999999,2
37.209999999999994,2
37.22999999999999,4
37.24999999999999,4
37.269999999999996,1
37.28999999999999,4
37.309999999999995,3
37.32999999999999,3
37.349999999999994,2
37.36999999999999,4
37.38999999999999,9
37.41,1
37.42999999999999,4
37.449999999999996,3
37.46999999999999,6
37.489999999999995,2
37.50999999999999,6
37.529999999999994,4
37.54999999999999,3
37.56999999999999,5
37.589999999999996,2
37.60999999999999,2
37.629999999999995,5
37.64999999999999,2
37.669999999999995,2
37.68999999999999,5
37.709999999999994,2
37.72999999999999,0
37.74999999999999,6
37.769999999999996,3
37.78999999999999,3
37.809999999999995,3
37.82999999999999,4
37.849999999999994,4
37.86999999999999,4
37.88999999999999,5
37.90999999999999,1
37.92999999999999,2
37.949999999999996,2
37.96999999999999,5
37.989999999999995,3
38.00999999999999,5
38.029999999999994,4
38.04999999999999,4
38.06999999999999,0
38.089999999999996,6
38.10999999999999,2
38.129999999999995,5
38.14999999999999,3
38.169999999999995,8
38.18999999999999,6
38.209999999999994,4
38.22999999999999,7
38.24999999999999,3
38.269999999999996,4
38.28999999999999,2
38.309999999999995,3
38.32999999999999,2
38.349999999999994,2
38.36999999999999,2
38.38999999999999,7
38.40999999999999,3
38.42999999999999,6
38.449999999999996,3
38.46999999999999,1
38.489999999999995,2
38.50999999999999,4
38.529999999999994,1
38.54999999999999,5
38.56999999999999,6
38.589999999999996,3
38.60999999999999,2
38.629999999999995,4
38.64999999999999,5
38.669999999999995,1
38.68999999999999,2
38.709999999999994,3
38.72999999999999,7
38.74999999999999,4
38.769999999999996,4
38.78999999999999,8
38.809999999999995,3
38.82999999999999,4
38.849999999999994,3
38.86999999999999,1
38.88999999999999,2
38.90999999999999,5
38.92999999999999,4
38.949999999999996,2
38.96999999999999,6
38.989999999999995,1
39.00999999999999,4
39.029999999999994,2
39.04999999999999,4
39.06999999999999,5
39.089999999999996,3
39.10999999999999,5
39.129999999999995,3
39.14999999999999,5
39.169999999999995,5
39.18999999999999,3
39.209999999999994,4
39.22999999999999,2
39.24999999999999,2
39.269999999999996,6
39.28999999999999,1
39.309999999999995,2
39.32999999999999,2
39.349999999999994,7
39.36999999999999,5
39.38999999999999,5
39.40999999999999,8
39.42999999999999,3
39.449999999999996,8
39.46999999999999,5
39.489999999999995,5
39.50999999999999,4
39.529999999999994,5
39.54999999999999,3
39.56999999999999,3
39.58999999999999,6
39.60999999999999,5
39.629999999999995,3
39.64999999999999,3
39.669999999999995,3
39.68999999999999,4
39.709999999999994,4
39.72999999999999,5
39.74999999999999,3
39.769999999999996,2
39.78999999999999,3
39.809999999999995,2
39.82999999999999,0
39.849999999999994,4
39.86999999999999,4
39.88999999999999,4
39.90999999999999,8
39.92999999999999,3
39.949999999999996,7
39.96999999999999,4
39.989999999999995,5
40.00999999999999,6
40.029999999999994,0
40.04999999999999,3
40.06999999999999,6
40.08999999999999,4
40.10999999999999,6
40.129999999999995,5
40.14999999999999,4
40.169999999999995,2
40.18999999999999,4
40.209999999999994,2
40.22999999999999,4
40.24999999999999,2
40.269999999999996,6
40.28999999999999,2
40.309999999999995,1
40.32999999999999,5
40.349999999999994,1
40.36999999999999,4
40.38999999999999,2
40.40999999999999,1
40.42999999999999,2
40.449999999999996,5
40.46999999999999,4
40.489999999999995,2
40.50999999999999,4
40.529999999999994,5
40.54999999999999,2
40.56999999999999,5
40.58999999999999,3
40.60999999999999,3
40.629999999999995,2
40.64999999999999,3
40.669999999999995,5
40.68999999999999,4
40.709999999999994,8
40.72999999999999,6
40.74999999999999,3
40.769999999999996,1
40.78999999999999,4
40.809999999999995,4
40.82999999999999,1
40.849999999999994,3
40.86999999999999,3
40.88999999999999,1
40.90999999999999,5
40.92999999999999,1
40.949999999999996,3
40.96999999999999,3
40.989999999999995,4
41.00999999999999,3
41.029999999999994,5
41.04999999999999,3
41.06999999999999,7
41.08999999999999,2
41.10999999999999,5
41.129999999999995,2
41.14999999999999,3
41.169999999999995,4
41.18999999999999,2
41.209999999999994,2
41.22999999999999,2
41.24999999999999,4
41.269999999999996,0
41.28999999999999,8
41.309999999999995,4
41.32999999999999,3
41.349999999999994,3
41.36999999999999,3
41.38999999999999,4
41.40999999999999,3
41.42999999999999,4
41.449999999999996,3
41.46999999999999,8
41.489999999999995,2
41.50999999999999,3
41.529999999999994,4
41.54999999999999,5
41.56999999999999,1
41.58999999999999,6
41.60999999999999,0
41.629999999999995,5
41.64999999999999,3
41.669999999999995,4
41.68999999999999,4
41.709999999999994,3
41.72999999999999,5
41.74999999999999,5
41.76999999999999,7
41.78999999999999,2
41.809999999999995,5
41.82999999999999,2
41.849999999999994,9
41.86999999999999,8
41.88999999999999,3
41.90999999999999,5
41.92999999999999,0
41.949999999999996,5
41.96999999999999,8
41.989999999999995,6
42.00999999999999,5
42.029999999999994,4
42.04999999999999,3
42.06999999999999,4
42.08999999999999,2
42.10999999999999,2
42.129999999999995,1
42.14999999999999,10
42.169999999999995,4
42.18999999999999,5
42.209999999999994,3
42.22999999999999,2
42.24999999999999,2
42.26999999999999,7
42.28999999999999,1
42.309999999999995,6
42.32999999999999,6
42.349999999999994,7
42.36999999999999,6
42.38999999999999,3
42.40999999999999,5
42.42999999999999,4
42.449999999999996,5
42.46999999999999,7
42.489999999999995,4
42.50999999999999,6
42.529999999999994,3
42.54999999999999,5
42.56999999999999,2
42.58999999999999,0
42.60999999999999,5
42.629999999999995,6
42.64999999999999,2
42.669999999999995,1
42.68999999999999,5
42.709999999999994,5
42.72999999999999,3
42.74999999999999,3
42.76999999999999,5
42.78999999999999,8
42.809999999999995,7
42.82999999999999,1
42.849999999999994,3
42.86999999999999,4
42.88999999999999,1
42.90999999999999,6
42.92999999999999,3
42.949999999999996,8
42.96999999999999,0
42.989999999999995,1
43.00999999999999,3
43.029999999999994,4
43.04999999999999,3
43.06999999999999,5
43.08999999999999,3
43.10999999999999,4
43.129999999999995,5
43.14999999999999,6
43.169999999999995,3
43.18999999999999,2
43.209999999999994,7
43.22999999999999,4
43.24999999999999,5
43.26999999999999,7
43.28999999999999,5
43.309999999999995,3
43.32999999999999,5
43.349999999999994,7
43.36999999999999,1
43.38999999999999,4
43.40999999999999,3
43.42999999999999,3
43.44999999999999,3
43.46999999999999,4
43.489999999999995,1
43.50999999999999,4
43.529999999999994,6
43.54999999999999,5
43.56999999999999,1
43.58999999999999,9
43.60999999999999,3
43.629999999999995,2
43.64999999999999,2
43.669999999999995,3
43.68999999999999,10
43.709999999999994,4
43.72999999999999,4
43.74999999999999,5
43.76999999999999,5
43.78999999999999,4
43.809999999999995,6
43.82999999999999,7
43.849999999999994,8
43.86999999999999,3
43.88999999999999,4
43.90999999999999,6
43.92999999999999,4
43.94999999999999,5
43.96999999999999,5
43.989999999999995,6
44.00999999999999,6
44.029999999999994,3
44.04999999999999,4
44.06999999999999,5
44.08999999999999,4
44.10999999999999,4
44.129999999999995,2
44.14999999999999,7
44.169999999999995,5
44.18999999999999,5
44.209999999999994,3
44.22999999999999,6
44.24999999999999,8
44.26999999999999,3
44.28999999999999,2
44.309999999999995,4
44.32999999999999,3
44.349999999999994,5
44.36999999999999,5
44.38999999999999,6
44.40999999999999,5
44.42999999999999,2
44.44999999999999,7
44.46999999999999,5
44.489999999999995,3
44.50999999999999,3
44.529999999999994,5
44.54999999999999,6
44.56999999999999,5
44.58999999999999,9
44.60999999999999,6
44.629999999999995,4
44.64999999999999,10
44.669999999999995,6
44.68999999999999,6
44.709999999999994,11
44.72999999999999,3
44.74999999999999,7
44.76999999999999,3
44.78999999999999,5
44.809999999999995,4
44.82999999999999,6
44.849999999999994,4
44.86999999999999,6
44.88999999999999,5
44.90999999999999,3
44.92999999999999,6
44.94999999999999,6
44.96999999999999,8
44.989999999999995,7
45.00999999999999,6
45.029999999999994,11
45.04999999999999,8
45.06999999999999,11
45.08999999999999,5
45.10999999999999,4
45.12999999999999,12
45.14999999999999,7
45.169999999999995,3
45.18999999999999,5
45.209999999999994,4
45.22999999999999,12
45.24999999999999,8
45.26999999999999,5
45.28999999999999,6
45.309999999999995,9
45.32999999999999,12
45.349999999999994,10
45.36999999999999,12
45.38999999999999,8
45.40999999999999,14
45.42999999999999,9
45.44999999999999,11
45.46999999999999,13
45.489999999999995,11
45.50999999999999,12
45.529999999999994,9
45.54999999999999,8
45.56999999999999,15
45.58999999999999,11
45.60999999999999,7
45.62999999999999,18
45.64999999999999,10
45.669999999999995,19
45.68999999999999,9
45.709999999999994,16
45.72999999999999,14
45.74999999999999,21
45.76999999999999,12
45.78999999999999,13
45.809999999999995,20
45.82999999999999,24
45.849999999999994,36
45.86999999999999,21
45.88999999999999,22
45.90999999999999,32
45.92999999999999,33
45.94999999999999,20
45.96999999999999,32
45.989999999999995,31
46.00999999999999,40
46.029999999999994,32
46.04999999999999,39
46.06999999999999,52
46.08999999999999,52
46.10999999999999,39
46.12999999999999,65
46.14999999999999,76
46.169999999999995,78
46.18999999999999,84
46.209999999999994,112
46.22999999999999,117
46.24999999999999,150
46.26999999999999,182
46.28999999999999,224
46.309999999999995,283
46.32999999999999,419
46.349999999999994,587
46.36999999999999,959
46.38999999999999,2191
46.40999999999999,7008
46.42999999999999,35471
46.44999999999999,527383
46.46999999999999,445212
46.489999999999995,22359
46.50999999999999,6839
46.529999999999994,2908
46.54999999999999,1437
46.56999999999999,700
46.58999999999999,425
46.60999999999999,291
46.62999999999999,204
46.64999999999999,165
46.669999999999995,140
46.68999999999999,101
46.709999999999994,86
46.72999999999999,73
46.74999999999999,70
46.76999999999999,58
46.78999999999999,72
46.809999999999995,49
46.82999999999999,40
46.849999999999994,43
46.86999999999999,31
46.88999999999999,37
46.90999999999999,24
46.92999999999999,19
46.94999999999999,35
46.96999999999999,26
46.989999999999995,26
47.00999999999999,21
47.029999999999994,17
47.04999999999999,21
47.06999999999999,19
47.08999999999999,17
47.10999999999999,20
47.12999999999999,19
47.14999999999999,16
47.169999999999995,17
47.18999999999999,18
47.209999999999994,16
47.22999999999999,11
47.24999999999999,11
47.26999999999999,9
47.28999999999999,8
47.30999999999999,12
47.32999999999999,11
47.349999999999994,7
47.36999999999999,11
47.38999999999999,4
47.40999999999999,8
47.42999999999999,9
47.44999999999999,11
47.46999999999999,11
47.489999999999995,4
47.50999999999999,12
47.529999999999994,7
47.54999999999999,6
47.56999999999999,6
47.58999999999999,8
47.60999999999999,8
47.62999999999999,5
47.64999999999999,7
47.669999999999995,9
47.68999999999999,9
47.709999999999994,5
47.72999999999999,5
47.74999999999999,6
47.76999999999999,9
47.78999999999999,5
47.80999999999999,6
47.82999999999999,3
47.849999999999994,4
47.86999999999999,8
47.88999999999999,7
47.90999999999999,8
47.92999999999999,5
47.94999999999999,3
47.96999999999999,1
47.989999999999995,4
48.00999999999999,5
48.029999999999994,7
48.04999999999999,1
48.06999999999999,6
48.08999999999999,5
48.10999999999999,5
48.12999999999999,2
48.14999999999999,2
48.169999999999995,3
48.18999999999999,2
48.209999999999994,9
48.22999999999999,2
48.24999999999999,4
48.26999999999999,5
48.28999999999999,2
48.30999999999999,4
48.32999999999999,6
48.349999999999994,4
48.36999999999999,3
48.38999999999999,6
48.40999999999999,2
48.42999999999999,3
48.44999999999999,2
48.46999999999999,1
48.489999999999995,5
48.50999999999999,3
48.529999999999994,3
48.54999999999999,4
48.56999999999999,2
48.58999999999999,4
48.60999999999999,1
48.62999999999999,5
48.64999999999999,4
48.669999999999995,3
48.68999999999999,6
48.709999999999994,4
48.72999999999999,6
48.74999999999999,1
48.76999999999999,3
48.78999999999999,4
48.80999999999999,1
48.82999999999999,3
48.849999999999994,0
48.86999999999999,4
48.88999999999999,1
48.90999999999999,3
48.92999999999999,3
48.94999999999999,3
48.96999999999999,2
48.98999999999999,6
49.00999999999999,6
49.029999999999994,4
49.04999999999999,3
49.06999999999999,2
49.08999999999999,3
49.10999999999999,4
49.12999999999999,3
49.14999999999999,1
49.169999999999995,4
49.18999999999999,3
49.209999999999994,0
49.22999999999999,0
49.24999999999999,8
49.26999999999999,2
49.28999999999999,3
49.30999999999999,4
49.32999999999999,4
49.349999999999994,4
49.36999999999999,2
49.38999999999999,3
49.40999999999999,3
49.42999999999999,5
49.44999999999999,1
49.46999999999999,3
49.48999999999999,2
49.50999999999999,1
49.529999999999994,1
49.54999999999999,1
49.56999999999999,5
49.58999999999999,1
49.60999999999999,2
49.62999999999999,5
49.64999999999999,4
49.669999999999995,4
49.68999999999999,2
49.709999999999994,5
49.72999999999999,6
49.74999999999999,0
49.76999999999999,2
49.78999999999999,1
49.80999999999999,4
49.82999999999999,2
49.849999999999994,1
49.86999999999999,4
49.88999999999999,5
49.90999999999999,5
49.92999999999999,5
49.94999999999999,2
49.96999999999999,5
49.98999999999999,2
50.00999999999999,1
50.029999999999994,3
50.04999999999999,4
50.06999999999999,4
50.08999999999999,1
50.10999999999999,2
50.12999999999999,1
50.14999999999999,3
50.169999999999995,1
50.18999999999999,3
50.209999999999994,1
50.22999999999999,3
50.24999999999999,2
50.26999999999999,2
50.28999999999999,2
50.30999999999999,0
50.32999999999999,4
50.349999999999994,2
50.36999999999999,5
50.38999999999999,3
50.40999999999999,1
50.42999999999999,4
50.44999999999999,1
50.46999999999999,3
50.48999999999999,5
50.50999999999999,4
50.529999999999994,2
50.54999999999999,2
50.56999999999999,3
50.58999999999999,2
50.60999999999999,2
50.62999999999999,6
50.64999999999999,1
50.66999999999999,0
50.68999999999999,2
50.709999999999994,2
50.72999999999999,1
50.74999999999999,2
50.76999999999999,1
50.78999999999999,2
50.80999999999999,2
50.82999999999999,5
50.849999999999994,1
50.86999999999999,3
50.88999999999999,4
50.90999999999999,4
50.92999999999999,3
50.94999999999999,3
50.96999999999999,1
50.98999999999999,2
51.00999999999999,1
51.029999999999994,1
51.04999999999999,2
51.06999999999999,0
51.08999999999999,1
51.10999999999999,3
51.12999999999999,3
51.14999999999999,2
51.16999999999999,1
51.18999999999999,2
51.209999999999994,4
51.22999999999999,1
51.24999999999999,3
51.26999999999999,5
51.28999999999999,2
51.30999999999999,6
51.32999999999999,3
51.349999999999994,2
51.36999999999999,2
51.38999999999999,3
51.40999999999999,1
51.42999999999999,2
51.44999999999999,2
51.46999999999999,1
51.48999999999999,1
51.50999999999999,3
51.529999999999994,2
51.54999999999999,3
51.56999999999999,0
51.58999999999999,1
51.60999999999999,5
51.62999999999999,2
51.64999999999999,4
51.66999999999999,3
51.68999999999999,1
51.709999999999994,2
51.72999999999999,1
51.74999999999999,4
51.76999999999999,4
51.78999999999999,1
51.80999999999999,1
51.82999999999999,1
51.849999999999994,1
51.86999999999999,2
51.88999999999999,2
51.90999999999999,2
51.92999999999999,3
51.94999999999999,2
51.96999999999999,1
51.98999999999999,3
52.00999999999999,3
52.029999999999994,2
52.04999999999999,0
52.06999999999999,1
52.08999999999999,3
52.10999999999999,6
52.12999999999999,4
52.14999999999999,2
52.16999999999999,5
52.18999999999999,1
52.209999999999994,2
52.22999999999999,2
52.24999999999999,1
52.26999999999999,5
52.28999999999999,4
52.30999999999999,3
52.32999999999999,1
52.349999999999994,3
52.36999999999999,5
52.38999999999999,1
52.40999999999999,4
52.42999999999999,1
52.44999999999999,1
52.46999999999999,3
52.48999999999999,1
52.50999999999999,2
52.529999999999994,2
52.54999999999999,0
52.56999999999999,3
52.58999999999999,3
52.60999999999999,2
52.62999999999999,2
52.64999999999999,2
52.66999999999999,2
52.68999999999999,4
52.709999999999994,2
52.72999999999999,1
52.74999999999999,4
52.76999999999999,3
52.78999999999999,0
52.80999999999999,5
52.82999999999999,3
52.84999999999999,1
52.86999999999999,3
52.88999999999999,5
52.90999999999999,0
52.92999999999999,0
52.94999999999999,2
52.96999999999999,4
52.98999999999999,3
53.00999999999999,1
53.029999999999994,2
53.04999999999999,5
53.06999999999999,2
53.08999999999999,0
53.10999999999999,4
53.12999999999999,4
53.14999999999999,5
53.16999999999999,1
53.18999999999999,3
53.209999999999994,3
53.22999999999999,2
53.24999999999999,4
53.26999999999999,3
53.28999999999999,4
53.30999999999999,4
53.32999999999999,1
53.34999999999999,2
53.36999999999999,1
53.38999999999999,4
53.40999999999999,3
53.42999999999999,1
53.44999999999999,4
53.46999999999999,2
53.48999999999999,1
53.50999999999999,2
53.529999999999994,1
53.54999999999999,5
53.56999999999999,3
53.58999999999999,1
53.60999999999999,3
53.62999999999999,3
53.64999999999999,3
53.66999999999999,5
53.68999999999999,2
53.709999999999994,6
53.72999999999999,2
53.74999999999999,1
53.76999999999999,2
53.78999999999999,3
53.80999999999999,2
53.82999999999999,2
53.84999999999999,1
53.86999999999999,4
53.88999999999999,2
53.90999999999999,3
53.92999999999999,3
53.94999999999999,5
53.96999999999999,1
53.98999999999999,1
54.00999999999999,4
54.029999999999994,4
54.04999999999999,0
54.06999999999999,3
54.08999999999999,3
54.10999999999999,1
54.12999999999999,0
54.14999999999999,3
54.16999999999999,2
54.18999999999999,5
54.209999999999994,2
54.22999999999999,3
54.24999999999999,2
54.26999999999999,4
54.28999999999999,3
54.30999999999999,2
54.32999999999999,4
54.34999999999999,0
54.36999999999999,0
54.38999999999999,4
54.40999999999999,3
54.42999999999999,4
54.44999999999999,1
54.46999999999999,2
54.48999999999999,2
54.50999999999999,2
54.52999999999999,5
54.54999999999999,3
54.56999999999999,3
54.58999999999999,1
54.60999999999999,5
54.62999999999999,2
54.64999999999999,5
54.66999999999999,3
54.68999999999999,2
54.709999999999994,3
54.72999999999999,1
54.74999999999999,3
54.76999999999999,1
54.78999999999999,0
54.80999999999999,3
54.82999999999999,6
54.84999999999999,4
54.86999999999999,3
54.88999999999999,5
54.90999999999999,1
54.92999999999999,2
54.94999999999999,3
54.96999999999999,1
54.98999999999999,1
55.00999999999999,1
55.02999999999999,5
55.04999999999999,1
55.06999999999999,4
55.08999999999999,6
55.10999999999999,1
55.12999999999999,3
55.14999999999999,4
55.16999999999999,2
55.18999999999999,5
55.209999999999994,5
55.22999999999999,3
55.24999999999999,0
55.26999999999999,3
55.28999999999999,2
55.30999999999999,3
55.32999999999999,2
55.34999999999999,2
55.36999999999999,1
55.38999999999999,3
55.40999999999999,1
55.42999999999999,3
55.44999999999999,1
55.46999999999999,4
55.48999999999999,3
55.50999999999999,5
55.52999999999999,2
55.54999999999999,3
55.56999999999999,0
55.58999999999999,1
55.60999999999999,1
55.62999999999999,4
55.64999999999999,6
55.66999999999999,3
55.68999999999999,5
55.709999999999994,0
55.72999999999999,2
55.74999999999999,2
55.76999999999999,3
55.78999999999999,1
55.80999999999999,1
55.82999999999999,2
55.84999999999999,2
55.86999999999999,2
55.88999999999999,5
55.90999999999999,1
55.92999999999999,2
55.94999999999999,0
55.96999999999999,3
55.98999999999999,2
56.00999999999999,3
56.02999999999999,2
56.04999999999999,3
56.06999999999999,2
56.08999999999999,4
56.10999999999999,2
56.12999999999999,5
56.14999999999999,0
56.16999999999999,1
56.18999999999999,6
56.20999999999999,2
56.22999999999999,2
56.24999999999999,1
56.26999999999999,1
56.28999999999999,2
56.30999999999999,1
56.32999999999999,3
56.34999999999999,2
56.36999999999999,1
56.38999999999999,3
56.40999999999999,1
56.42999999999999,2
56.44999999999999,0
56.46999999999999,2
56.48999999999999,0
56.50999999999999,3
56.52999999999999,2
56.54999999999999,3
56.56999999999999,0
56.58999999999999,2
56.60999999999999,2
56.62999999999999,3
56.64999999999999,1
56.66999999999999,3
56.68999999999999,4
56.70999999999999,3
56.72999999999999,1
56.74999999999999,5
56.76999999999999,1
56.78999999999999,3
56.80999999999999,2
56.82999999999999,3
56.84999999999999,1
56.86999999999999,3
56.88999999999999,4
56.90999999999999,3
56.92999999999999,2
56.94999999999999,4
56.96999999999999,0
56.98999999999999,2
57.00999999999999,2
57.02999999999999,7
57.04999999999999,1
57.06999999999999,5
57.08999999999999,4
57.10999999999999,1
57.12999999999999,1
57.14999999999999,6
57.16999999999999,2
57.18999999999999,2
57.20999999999999,1
57.22999999999999,6
57.24999999999999,0
57.26999999999999,3
57.28999999999999,3
57.30999999999999,0
57.32999999999999,3
57.34999999999999,2
57.36999999999999,4
57.38999999999999,4
57.40999999999999,0
57.42999999999999,1
57.44999999999999,1
57.46999999999999,2
57.48999999999999,2
57.50999999999999,4
57.52999999999999,3
57.54999999999999,5
57.56999999999999,2
57.58999999999999,2
57.60999999999999,5
57.62999999999999,2
57.64999999999999,2
57.66999999999999,2
57.68999999999999,2
57.70999999999999,0
57.72999999999999,3
57.74999999999999,3
57.76999999999999,4
57.78999999999999,2
57.80999999999999,3
57.82999999999999,3
57.84999999999999,2
57.86999999999999,6
57.88999999999999,4
57.90999999999999,2
57.92999999999999,3
57.94999999999999,1
57.96999999999999,0
57.98999999999999,4
58.00999999999999,2
58.02999999999999,3
58.04999999999999,2
58.06999999999999,2
58.08999999999999,3
58.10999999999999,3
58.12999999999999,2
58.14999999999999,5
58.16999999999999,3
58.18999999999999,2
58.20999999999999,1
58.22999999999999,2
58.24999999999999,3
58.26999999999999,2
58.28999999999999,3
58.30999999999999,4
58.32999999999999,5
58.34999999999999,1
58.36999999999999,1
58.389999999999986,4
58.40999999999999,6
58.42999999999999,2
58.44999999999999,0
58.46999999999999,1
58.48999999999999,3
58.50999999999999,3
58.52999999999999,3
58.54999999999999,0
58.56999999999999,2
58.58999999999999,3
58.60999999999999,1
58.62999999999999,4
58.64999999999999,2
58.66999999999999,3
58.68999999999999,0
58.70999999999999,2
58.72999999999999,0
58.74999999999999,0
58.76999999999999,1
58.78999999999999,3
58.80999999999999,2
58.82999999999999,2
58.84999999999999,5
58.86999999999999,1
58.889999999999986,2
58.90999999999999,2
58.92999999999999,1
58.94999999999999,1
58.96999999999999,2
58.98999999999999,1
59.00999999999999,1
59.02999999999999,4
59.04999999999999,0
59.06999999999999,4
59.08999999999999,1
59.10999999999999,2
59.12999999999999,1
59.14999999999999,3
59.16999999999999,2
59.18999999999999,3
59.20999999999999,5
59.22999999999999,4
59.24999999999999,3
59.26999999999999,3
59.28999999999999,0
59.30999999999999,2
59.32999999999999,2
59.34999999999999,3
59.36999999999999,2
59.389999999999986,2
59.40999999999999,2
59.42999999999999,1
59.44999999999999,1
59.46999999999999,2
59.48999999999999,1
59.50999999999999,3
59.52999999999999,5
59.54999999999999,0
59.56999999999999,2
59.58999999999999,2
59.60999999999999,1
59.62999999999999,2
59.64999999999999,3
59.66999999999999,1
59.68999999999999,2
59.70999999999999,4
59.72999999999999,2
59.74999999999999,1
59.76999999999999,3
59.78999999999999,5
59.80999999999999,1
59.82999999999999,1
59.84999999999999,0
59.86999999999999,1
59.889999999999986,2
59.90999999999999,0
59.92999999999999,1
59.94999999999999,3
59.96999999999999,2
59.98999999999999,2
60.00999999999999,1
60.02999999999999,1
60.04999999999999,4
60.069999999999986,2
60.08999999999999,2
60.10999999999999,0
60.12999999999999,1
60.14999999999999,2
60.16999999999999,2
60.18999999999999,3
60.20999999999999,1
60.22999999999999,6
60.24999999999999,3
60.26999999999999,5
60.28999999999999,2
60.30999999999999,1
60.32999999999999,2
60.34999999999999,5
60.36999999999999,2
60.389999999999986,1
60.40999999999999,1
60.42999999999999,0
60.44999999999999,0
60.46999999999999,0
60.48999999999999,8
60.50999999999999,0
60.52999999999999,2
60.54999999999999,2
60.569999999999986,2
60.58999999999999,4
60.60999999999999,4
60.62999999999999,0
60.64999999999999,1
60.66999999999999,3
60.68999999999999,3
60.70999999999999,1
60.72999999999999,3
60.74999999999999,2
60.76999999999999,1
60.78999999999999,2
60.80999999999999,3
60.82999999999999,2
60.84999999999999,1
60.86999999999999,2
60.889999999999986,1
60.90999999999999,2
60.92999999999999,0
60.94999999999999,2
60.96999999999999,1
60.98999999999999,2
61.00999999999999,1
61.02999999999999,0
61.04999999999999,2
61.069999999999986,1
61.08999999999999,4
61.10999999999999,1
61.12999999999999,2
61.14999999999999,0
61.16999999999999,3
61.18999999999999,1
61.20999999999999,2
61.22999999999999,4
61.24999999999999,7
61.26999999999999,3
61.28999999999999,6
61.30999999999999,1
61.32999999999999,1
61.34999999999999,1
61.36999999999999,3
61.389999999999986,2
61.40999999999999,5
61.42999999999999,0
61.44999999999999,3
61.46999999999999,1
61.48999999999999,3
61.50999999999999,0
61.52999999999999,1
61.54999999999999,1
61.569999999999986,2
61.58999999999999,4
61.60999999999999,2
61.62999999999999,3
61.64999999999999,1
61.66999999999999,3
61.68999999999999,3
61.70999999999999,2
61.72999999999999,0
61.74999999999999,2
61.76999999999999,2
61.78999999999999,1
61.80999999999999,3
61.82999999999999,0
61.84999999999999,5
61.86999999999999,2
61.889999999999986,2
61.90999999999999,3
61.92999999999999,1
61.94999999999999,0
61.96999999999999,1
61.98999999999999,1
62.00999999999999,1
62.02999999999999,2
62.04999999999999,1
62.069999999999986,1
62.08999999999999,1
62.10999999999999,1
62.12999999999999,1
62.14999999999999,2
62.16999999999999,1
62.18999999999999,3
62.20999999999999,3
62.22999999999999,0
62.249999999999986,1
62.26999999999999,3
62.28999999999999,0
62.30999999999999,0
62.32999999999999,2
62.34999999999999,2
62.36999999999999,4
62.389999999999986,0
62.40999999999999,3
62.42999999999999,2
62.44999999999999,2
62.46999999999999,0
62.48999999999999,1
62.50999999999999,5
62.52999999999999,4
62.54999999999999,2
62.569999999999986,4
62.58999999999999,3
62.60999999999999,5
62.62999999999999,1
62.64999999999999,4
62.66999999999999,4
62.68999999999999,1
62.70999999999999,1
62.72999999999999,1
62.749999999999986,2
62.76999999999999,4
62.78999999999999,1
62.80999999999999,0
62.82999999999999,2
62.84999999999999,1
62.86999999999999,3
62.889999999999986,2
62.90999999999999,6
62.92999999999999,4
62.94999999999999,1
62.96999999999999,3
62.98999999999999,1
63.00999999999999,1
63.02999999999999,1
63.04999999999999,5
63.069999999999986,2
63.08999999999999,4
63.10999999999999,1
63.12999999999999,1
63.14999999999999,1
63.16999999999999,0
63.18999999999999,1
63.20999999999999,0
63.22999999999999,2
63.249999999999986,3
63.26999999999999,2
63.28999999999999,0
63.30999999999999,4
63.32999999999999,4
63.34999999999999,3
63.36999999999999,2
63.389999999999986,2
63.40999999999999,3
63.42999999999999,5
63.44999999999999,2
63.46999999999999,4
63.48999999999999,2
63.50999999999999,1
63.52999999999999,1
63.54999999999999,1
63.569999999999986,3
63.58999999999999,4
63.60999999999999,1
63.62999999999999,3
63.64999999999999,2
63.66999999999999,1
63.68999999999999,2
63.70999999999999,1
63.72999999999999,3
63.749999999999986,4
63.76999999999999,1
63.78999999999999,0
63.80999999999999,2
63.82999999999999,4
63.84999999999999,3
63.86999999999999,1
63.889999999999986,2
63.90999999999999,2
63.929999999999986,3
63.94999999999999,1
63.96999999999999,4
63.98999999999999,1
64.00999999999999,2
64.02999999999999,1
64.05,2
64.07,1
64.08999999999999,3
64.11,2
64.13,1
64.14999999999999,1
64.16999999999999,0
64.19,3
64.21,2
64.22999999999999,3
64.24999999999999,1
64.27,1
64.28999999999999,1
64.30999999999999,3
64.33,3
64.35,2
64.36999999999999,5
64.38999999999999,1
64.41,3
64.42999999999999,1
64.44999999999999,4
64.47,2
64.49,3
64.50999999999999,1
64.52999999999999,1
64.55,2
64.57,1
64.58999999999999,3
64.61,2
64.63,3
64.64999999999999,2
64.66999999999999,1
64.69,2
64.71,3
64.72999999999999,4
64.74999999999999,1
64.77,2
64.78999999999999,0
64.80999999999999,1
64.83,1
64.85,1
64.86999999999999,1
64.88999999999999,0
64.91,0
64.92999999999999,7
64.94999999999999,2
64.97,2
64.99,3
65.00999999999999,2
65.02999999999999,5
65.05,6
65.07,1
65.08999999999999,2
65.11,2
65.13,0
65.14999999999999,2
65.16999999999999,2
65.19,2
65.21,1
65.22999999999999,4
65.24999999999999,2
65.27,3
65.28999999999999,3
65.30999999999999,2
65.33,1
65.35,2
65.36999999999999,3
65.38999999999999,5
65.41,2
65.42999999999999,3
65.44999999999999,3
65.47,3
65.49,1
65.50999999999999,1
65.52999999999999,7
65.55,3
65.57,4
65.58999999999999,3
65.60999999999999,2
65.63,2
65.64999999999999,1
65.66999999999999,2
65.69,1
65.71,2
65.72999999999999,4
65.74999999999999,3
65.77,2
65.78999999999999,2
65.80999999999999,2
65.83,0
65.85,1
65.86999999999999,1
65.88999999999999,2
65.91,2
65.92999999999999,3
65.94999999999999,5
65.97,3
65.99,1
66.00999999999999,6
66.02999999999999,0
66.05,2
66.07,2
66.08999999999999,3
66.10999999999999,0
66.13,3
66.14999999999999,2
66.16999999999999,4
66.19,3
66.21,2
66.22999999999999,1
66.24999999999999,0
66.27,0
66.28999999999999,3
66.30999999999999,0
66.33,2
66.35,3
66.36999999999999,3
66.38999999999999,1
66.41,0
66.42999999999999,0
66.44999999999999,1
66.47,1
66.49,8
66.50999999999999,1
66.52999999999999,4
66.55,1
66.57,0
66.58999999999999,0
66.60999999999999,2
66.63,3
66.64999999999999,3
66.66999999999999,2
66.69,1
66.71,1
66.72999999999999,1
66.74999999999999,3
66.77,5
66.78999999999999,1
66.80999999999999,5
66.83,2
66.85,3
66.86999999999999,1
66.88999999999999,4
66.91,0
66.92999999999999,2
66.94999999999999,2
66.97,1
66.99,1
67.00999999999999,3
67.02999999999999,2
67.05,5
67.07,2
67.08999999999999,4
67.10999999999999,3
67.13,2
67.14999999999999,3
67.16999999999999,4
67.19,0
67.21,6
67.22999999999999,1
67.24999999999999,1
67.27,0
67.28999999999999,2
67.30999999999999,1
67.33,2
67.35,2
67.36999999999999,2
67.38999999999999,3
67.41,3
67.42999999999999,2
67.44999999999999,3
67.47,2
67.49,3
67.50999999999999,5
67.52999999999999,1
67.55,3
67.57,5
67.58999999999999,1
67.60999999999999,0
67.63,1
67.64999999999999,1
67.66999999999999,2
67.69,5
67.71,3
67.72999999999999,1
67.74999999999999,4
67.77,3
67.78999999999999,0
67.80999999999999,2
67.83,1
67.85,1
67.86999999999999,1
67.88999999999999,3
67.91,3
67.92999999999999,3
67.94999999999999,3
67.97,2
67.99,2
68.00999999999999,1
68.02999999999999,3
68.05,0
68.07,0
68.08999999999999,2
68.10999999999999,1
68.13,3
68.14999999999999,3
68.16999999999999,3
68.19,3
68.21,0
68.22999999999999,1
68.24999999999999,0
68.27,0
68.28999999999999,1
68.30999999999999,0
68.33,3
68.35,1
68.36999999999999,2
68.38999999999999,3
68.41,4
68.42999999999999,1
68.44999999999999,2
68.47,0
68.49,1
68.50999999999999,1
68.52999999999999,1
68.55,2
68.57,2
68.58999999999999,3
68.60999999999999,0
68.63,5
68.64999999999999,3
68.66999999999999,1
68.69,2
68.71,2
68.72999999999999,0
68.74999999999999,2
68.77,0
68.78999999999999,2
68.80999999999999,2
68.83,0
68.85,3
68.86999999999999,4
68.88999999999999,1
68.91,2
68.92999999999999,2
68.94999999999999,3
68.97,2
68.99,4
69.00999999999999,2
69.03,2
69.05,1
69.07,6
69.08999999999999,0
69.11,1
69.13,2
69.14999999999999,2
69.17,1
69.19,2
69.21,2
69.22999999999999,1
69.25,1
69.27,4
69.28999999999999,3
69.31,1
69.33,4
69.35,1
69.36999999999999,2
69.39,4
69.41,2
69.42999999999999,0
69.44999999999999,3
69.47,1
69.49,2
69.50999999999999,2
69.53,6
69.55,3
69.57,1
69.58999999999999,5
69.61,1
69.63,5
69.64999999999999,5
69.67,1
69.69,3
69.71,1
69.72999999999999,6
69.75,1
69.77,4
69.78999999999999,2
69.81,1
69.83,1
69.85,1
69.86999999999999,0
69.89,2
69.91,3
69.92999999999999,4
69.94999999999999,2
69.97,2
69.99,2
70.00999999999999,3
70.03,0
70.05,1
70.07,3
70.08999999999999,3
70.11,0
70.13,1
70.14999999999999,6
70.17,2
70.19,1
70.21,3
70.22999999999999,2
70.25,1
70.27,3
70.28999999999999,3
70.30999999999999,7
70.33,4
70.35,3
70.36999999999999,4
70.39,2
70.41,2
70.42999999999999,6
70.44999999999999,1
70.47,0
70.49,1
70.50999999999999,2
70.53,2
70.55,3
70.57,3
70.58999999999999,1
70.61,4
70.63,4
70.64999999999999,3
70.67,2
70.69,2
70.71,1
70.72999999999999,1
70.75,1
70.77,1
70.78999999999999,5
70.80999999999999,4
70.83,0
70.85,2
70.86999999999999,5
70.89,2
70.91,6
70.92999999999999,4
70.94999999999999,2
70.97,5
70.99,1
71.00999999999999,1
71.03,3
71.05,2
71.07,3
71.08999999999999,0
71.11,1
71.13,5
71.14999999999999,1
71.17,5
71.19,3
71.21,6
71.22999999999999,2
71.25,1
71.27,5
71.28999999999999,6
71.30999999999999,1
71.33,2
71.35,0
71.36999999999999,4
71.39,3
71.41,1
71.42999999999999,2
71.44999999999999,2
71.47,2
71.49,5
71.50999999999999,1
71.53,2
71.55,0
71.57,4
71.58999999999999,4
71.61,5
71.63,2
71.64999999999999,4
71.67,3
71.69,7
71.71,4
71.72999999999999,3
71.75,2
71.77,1
71.78999999999999,3
71.80999999999999,4
71.83,6
71.85,1
71.86999999999999,7
71.89,1
71.91,7
71.92999999999999,7
71.94999999999999,5
71.97,2
71.99,5
72.00999999999999,2
72.03,5
72.05,2
72.07,7
72.08999999999999,3
72.11,1
72.13,3
72.14999999999999,4
72.17,8
72.19,6
72.21,2
72.22999999999999,10
72.25,5
72.27,4
72.28999999999999,1
72.30999999999999,4
72.33,4
72.35,7
72.36999999999999,3
72.39,7
72.41,11
72.42999999999999,11
72.44999999999999,15
72.47,27
72.49,96
72.50999999999999,335
72.53,6376
72.55,25770
72.57,8056
72.58999999999999,802
72.61,84
72.63,46
72.64999999999999,14
72.67,7
72.69,6
72.71,5
72.72999999999999,8
72.75,1
72.77,3
72.78999999999999,3
72.80999999999999,4
72.83,6
72.85,6
72.86999999999999,5
72.89,5
72.91,5
72.92999999999999,3
72.94999999999999,4
72.97,3
72.99,3
73.00999999999999,4
73.03,2
73.05,1
73.07,2
73.08999999999999,6
73.11,5
73.13,2
73.14999999999999,2
73.17,2
73.19,1
73.21,2
73.22999999999999,0
73.25,2
73.27,4
73.28999999999999,3
73.30999999999999,3
73.33,5
73.35,0
73.36999999999999,1
73.39,5
73.41,1
73.42999999999999,1
73.44999999999999,2
73.47,1
73.49,3
73.50999999999999,5
73.53,1
73.55,1
73.57,3
73.58999999999999,1
73.61,0
73.63,1
73.64999999999999,3
73.67,2
73.69,2
73.71,2
73.72999999999999,2
73.75,3
73.77,1
73.78999999999999,2
73.80999999999999,0
73.83,2
73.85,1
73.86999999999999,1
73.89,2
73.91,1
73.92999999999999,1
73.94999999999999,5
73.97,3
73.99,4
74.00999999999999,2
74.03,3
74.05,1
74.07,4
74.08999999999999,5
74.11,2
74.13,3
74.14999999999999,4
74.16999999999999,0
74.19,3
74.21,2
74.22999999999999,4
74.25,4
74.27,3
74.28999999999999,3
74.30999999999999,4
74.33,1
74.35,4
74.36999999999999,1
74.39,1
74.41,1
74.42999999999999,2
74.44999999999999,2
74.47,4
74.49,1
74.50999999999999,2
74.53,2
74.55,1
74.57,4
74.58999999999999,2
74.61,4
74.63,3
74.64999999999999,3
74.66999999999999,3
74.69,4
74.71,1
74.72999999999999,1
74.75,3
74.77,1
74.78999999999999,3
74.80999999999999,4
74.83,4
74.85,0
74.86999999999999,0
74.89,2
74.91,3
74.92999999999999,2
74.94999999999999,1
74.97,0
74.99,3
75.00999999999999,2
75.03,1
75.05,1
75.07,5
75.08999999999999,1
75.11,2
75.13,2
75.14999999999999,2
75.16999999999999,0
75.19,3
75.21,2
75.22999999999999,3
75.25,4
75.27,0
75.28999999999999,3
75.30999999999999,2
75.33,0
75.35,1
75.36999999999999,2
75.39,2
75.41,1
75.42999999999999,0
75.44999999999999,0
75.47,0
75.49,1
75.50999999999999,2
75.53,1
75.55,2
75.57,2
75.58999999999999,1
75.61,3
75.63,1
75.64999999999999,5
75.66999999999999,2
75.69,1
75.71,3
75.72999999999999,3
75.75,1
75.77,1
75.78999999999999,1
75.80999999999999,4
75.83,0
75.85,4
75.86999999999999,0
75.89,2
75.91,2
75.92999999999999,4
75.94999999999999,2
75.97,1
75.99,4
76.00999999999999,6
76.03,2
76.05,1
76.07,3
76.08999999999999,3
76.11,1
76.13,2
76.14999999999999,0
76.16999999999999,3
76.19,2
76.21,4
76.22999999999999,3
76.25,3
76.27,0
76.28999999999999,0
76.30999999999999,1
76.33,3
76.35,0
76.36999999999999,0
76.39,1
76.41,3
76.42999999999999,2
76.44999999999999,1
76.47,1
76.49,0
76.50999999999999,1
76.53,2
76.55,2
76.57,1
76.58999999999999,2
76.61,3
76.63,0
76.64999999999999,2
76.66999999999999,0
76.69,1
76.71,3
76.72999999999999,2
76.75,1
76.77,2
76.78999999999999,0
76.80999999999999,1
76.83,4
76.85,2
76.86999999999999,2
76.89,5
76.91,1
76.92999999999999,3
76.94999999999999,2
76.97,1
76.99,2
77.00999999999999,3
77.03,1
77.05,0
77.07,3
77.08999999999999,0
77.11,1
77.13,4
77.14999999999999,2
77.16999999999999,3
77.19,2
77.21,2
77.22999999999999,1
77.25,1
77.27,3
77.28999999999999,3
77.30999999999999,2
77.33,4
77.35,3
77.36999999999999,1
77.39,1
77.41,2
77.42999999999999,3
77.44999999999999,0
77.47,0
77.49,3
77.50999999999999,0
77.53,1
77.55,1
77.57,0
77.58999999999999,1
77.61,1
77.63,0
77.64999999999999,0
77.66999999999999,1
77.69,1
77.71,2
77.72999999999999,2
77.75,3
77.77,0
77.78999999999999,2
77.80999999999999,2
77.83,2
77.85,1
77.86999999999999,1
77.89,0
77.91,3
77.92999999999999,2
77.94999999999999,2
77.97,3
77.99,0
78.00999999999999,0
78.02999999999999,2
78.05,0
78.07,0
78.08999999999999,1
78.11,0
78.13,1
78.14999999999999,2
78.16999999999999,0
78.19,4
78.21,2
78.22999999999999,1
78.25,1
78.27,1
78.28999999999999,3
78.30999999999999,3
78.33,2
78.35,3
78.36999999999999,1
78.39,0
78.41,4
78.42999999999999,2
78.44999999999999,1
78.47,1
78.49,2
78.50999999999999,3
78.52999999999999,1
78.55,2
78.57,2
78.58999999999999,2
78.61,1
78.63,5
78.64999999999999,3
78.66999999999999,2
78.69,1
78.71,0
78.72999999999999,0
78.75,1
78.77,1
78.78999999999999,1
78.80999999999999,7
78.83,0
78.85,1
78.86999999999999,0
78.89,1
78.91,3
78.92999999999999,2
78.94999999999999,2
78.97,3
78.99,4
79.00999999999999,1
79.02999999999999,3
79.05,3
79.07,2
79.08999999999999,3
79.11,2
79.13,1
79.14999999999999,2
79.16999999999999,1
79.19,1
79.21,2
79.22999999999999,3
79.25,1
79.27,1
79.28999999999999,1
79.30999999999999,1
79.33,1
79.35,1
79.36999999999999,2
79.39,0
79.41,1
79.42999999999999,0
79.44999999999999,1
79.47,1
79.49,3
79.50999999999999,0
79.52999999999999,3
79.55,0
79.57,1
79.58999999999999,1
79.61,0
79.63,1
79.64999999999999,1
79.66999999999999,3
79.69,2
79.71,3
79.72999999999999,3
79.75,3
79.77,0
79.78999999999999,2
79.80999999999999,0
79.83,2
79.85,2
79.86999999999999,1
79.89,0
79.91,1
79.92999999999999,1
79.94999999999999,1
79.97,0
79.99,5
80.00999999999999,5
80.02999999999999,1
80.05,1
80.07,3
80.08999999999999,1
80.11,0
80.13,5
80.14999999999999,2
80.16999999999999,3
80.19,1
80.21,1
80.22999999999999,0
80.25,0
80.27,2
80.28999999999999,3
80.30999999999999,2
80.33,0
80.35,1
80.36999999999999,2
80.39,0
80.41,1
80.42999999999999,2
80.44999999999999,3
80.47,0
80.49,0
80.50999999999999,4
80.52999999999999,1
80.55,2
80.57,3
80.58999999999999,1
80.61,2
80.63,0
80.64999999999999,2
80.66999999999999,2
80.69,1
80.71,1
80.72999999999999,1
80.75,5
80.77,2
80.78999999999999,2
80.80999999999999,2
80.83,4
80.85,2
80.86999999999999,1
80.89,2
80.91,1
80.92999999999999,2
80.94999999999999,1
80.97,3
80.99,2
81.00999999999999,1
81.02999999999999,1
81.05,1
81.07,2
81.08999999999999,3
81.11,1
81.13,0
81.14999999999999,4
81.16999999999999,2
81.19,1
81.21,2
81.22999999999999,1
81.25,1
81.27,2
81.28999999999999,3
81.30999999999999,1
81.33,1
81.35,4
81.36999999999999,1
81.38999999999999,2
81.41,1
81.42999999999999,2
81.44999999999999,1
81.47,2
81.49,5
81.50999999999999,5
81.52999999999999,0
81.55,3
81.57,4
81.58999999999999,2
81.61,1
81.63,1
81.64999999999999,4
81.66999999999999,2
81.69,1
81.71,2
81.72999999999999,1
81.75,1
81.77,3
81.78999999999999,2
81.80999999999999,0
81.83,0
81.85,1
81.86999999999999,2
81.88999999999999,2
81.91,2
81.92999999999999,4
81.94999999999999,0
81.97,2
81.99,2
82.00999999999999,2
82.02999999999999,2
82.05,4
82.07,0
82.08999999999999,0
82.11,1
82.13,1
82.14999999999999,1
82.16999999999999,0
82.19,1
82.21,4
82.22999999999999,1
82.25,0
82.27,2
82.28999999999999,0
82.30999999999999,5
82.33,0
82.35,1
82.36999999999999,2
82.38999999999999,3
82.41,2
82.42999999999999,1
82.44999999999999,2
82.47,1
82.49,0
82.50999999999999,0
82.52999999999999,0
82.55,1
82.57,1
82.58999999999999,3
82.61,0
82.63,2
82.64999999999999,1
82.66999999999999,3
82.69,3
82.71,3
82.72999999999999,3
82.75,2
82.77,1
82.78999999999999,2
82.80999999999999,1
82.83,0
82.85,2
82.86999999999999,1
82.88999999999999,4
82.91,1
82.92999999999999,2
82.94999999999999,2
82.97,2
82.99,6
83.00999999999999,2
83.02999999999999,0
83.05,2
83.07,2
83.08999999999999,1
83.11,2
83.13,2
83.14999999999999,0
83.16999999999999,2
83.19,2
83.21,1
83.22999999999999,1
83.25,2
83.27,1
83.28999999999999,3
83.30999999999999,3
83.33,2
83.35,1
83.36999999999999,2
83.38999999999999,1
83.41,5
83.42999999999999,3
83.44999999999999,5
83.47,7
83.49,1
83.50999999999999,3
83.52999999999999,1
83.55,0
83.57,3
83.58999999999999,0
83.61,2
83.63,0
83.64999999999999,3
83.66999999999999,1
83.69,1
83.71,2
83.72999999999999,3
83.75,2
83.77,7
83.78999999999999,3
83.80999999999999,5
83.83,2
83.85,1
83.86999999999999,1
83.88999999999999,0
83.91,3
83.92999999999999,1
83.94999999999999,0
83.97,1
83.99,2
84.00999999999999,0
84.02999999999999,3
84.05,2
84.07,3
84.08999999999999,2
84.11,0
84.13,1
84.14999999999999,0
84.16999999999999,2
84.19,1
84.21,2
84.22999999999999,1
84.25,1
84.27,1
84.28999999999999,2
84.30999999999999,1
84.33,1
84.35,1
84.36999999999999,2
84.38999999999999,2
84.41,3
84.42999999999999,1
84.44999999999999,2
84.47,1
84.49,4
84.50999999999999,1
84.52999999999999,1
84.55,4
84.57,2
84.58999999999999,3
84.61,2
84.63,0
84.64999999999999,2
84.66999999999999,2
84.69,1
84.71,3
84.72999999999999,2
84.75,0
84.77,0
84.78999999999999,2
84.80999999999999,3
84.83,1
84.85,1
84.86999999999999,0
84.88999999999999,0
84.91,2
84.92999999999999,2
84.94999999999999,1
84.97,3
84.99,0
85.00999999999999,1
85.02999999999999,1
85.05,0
85.07,1
85.08999999999999,1
85.11,2
85.13,2
85.14999999999999,6
85.16999999999999,0
85.19,3
85.21,1
85.22999999999999,1
85.24999999999999,2
85.27,2
85.28999999999999,1
85.30999999999999,2
85.33,3
85.35,1
85.36999999999999,2
85.38999999999999,4
85.41,0
85.42999999999999,2
85.44999999999999,0
85.47,1
85.49,4
85.50999999999999,2
85.52999999999999,2
85.55,2
85.57,0
85.58999999999999,1
85.61,2
85.63,0
85.64999999999999,2
85.66999999999999,2
85.69,0
85.71,1
85.72999999999999,0
85.74999999999999,0
85.77,3
85.78999999999999,1
85.80999999999999,4
85.83,2
85.85,0
85.86999999999999,2
85.88999999999999,0
85.91,4
85.92999999999999,3
85.94999999999999,0
85.97,5
85.99,4
86.00999999999999,3
86.02999999999999,3
86.05,2
86.07,3
86.08999999999999,1
86.11,0
86.13,1
86.14999999999999,2
86.16999999999999,2
86.19,0
86.21,1
86.22999999999999,2
86.24999999999999,0
86.27,1
86.28999999999999,3
86.30999999999999,1
86.33,2
86.35,1
86.36999999999999,3
86.38999999999999,0
86.41,2
86.42999999999999,2
86.44999999999999,1
86.47,5
86.49,2
86.50999999999999,1
86.52999999999999,4
86.55,2
86.57,0
86.58999999999999,3
86.61,1
86.63,1
86.64999999999999,3
86.66999999999999,5
86.69,2
86.71,0
86.72999999999999,2
86.74999999999999,1
86.77,0
86.78999999999999,1
86.80999999999999,3
86.83,2
86.85,4
86.86999999999999,1
86.88999999999999,2
86.91,1
86.92999999999999,1
86.94999999999999,2
86.97,3
86.99,5
87.00999999999999,3
87.02999999999999,2
87.05,1
87.07,1
87.08999999999999,1
87.11,0
87.13,2
87.14999999999999,1
87.16999999999999,1
87.19,1
87.21,3
87.22999999999999,1
87.24999999999999,2
87.27,1
87.28999999999999,2
87.30999999999999,0
87.33,0
87.35,1
87.36999999999999,2
87.38999999999999,0
87.41,0
87.42999999999999,1
87.44999999999999,0
87.47,1
87.49,0
87.50999999999999,3
87.52999999999999,2
87.55,2
87.57,1
87.58999999999999,2
87.61,2
87.63,3
87.64999999999999,0
87.66999999999999,1
87.69,0
87.71,1
87.72999999999999,3
87.74999999999999,3
87.77,0
87.78999999999999,2
87.80999999999999,0
87.83,3
87.85,3
87.86999999999999,2
87.88999999999999,2
87.91,2
87.92999999999999,1
87.94999999999999,0
87.97,4
87.99,1
88.00999999999999,1
88.02999999999999,5
88.05,1
88.07,0
88.08999999999999,3
88.11,2
88.13,2
88.14999999999999,1
88.16999999999999,1
88.19,0
88.21,1
88.22999999999999,6
88.24999999999999,0
88.27,3
88.28999999999999,1
88.30999999999999,1
88.33,1
88.35,2
88.36999999999999,4
88.38999999999999,2
88.41,0
88.42999999999999,1
88.44999999999999,2
88.47,2
88.49,4
88.50999999999999,1
88.52999999999999,2
88.55,2
88.57,1
88.58999999999999,1
88.61,1
88.63,3
88.64999999999999,3
88.66999999999999,0
88.69,2
88.71,1
88.72999999999999,2
88.74999999999999,2
88.77,1
88.78999999999999,1
88.80999999999999,2
88.83,0
88.85,2
88.86999999999999,2
88.88999999999999,1
88.91,1
88.92999999999999,1
88.94999999999999,1
88.97,3
88.99,1
89.00999999999999,0
89.02999999999999,2
89.05,0
89.07,4
89.08999999999999,2
89.10999999999999,0
89.13,1
89.14999999999999,1
89.16999999999999,2
89.19,0
89.21,2
89.22999999999999,1
89.24999999999999,2
89.27,4
89.28999999999999,0
89.30999999999999,1
89.33,1
89.35,1
89.36999999999999,1
89.38999999999999,1
89.41,3
89.42999999999999,0
89.44999999999999,1
89.47,1
89.49,2
89.50999999999999,5
89.52999999999999,1
89.55,3
89.57,2
89.58999999999999,3
89.60999999999999,2
89.63,2
89.64999999999999,4
89.66999999999999,3
89.69,3
89.71,2
89.72999999999999,1
89.74999999999999,2
89.77,1
89.78999999999999,1
89.80999999999999,2
89.83,1
89.85,3
89.86999999999999,1
89.88999999999999,2
89.91,4
89.92999999999999,1
89.94999999999999,2
89.97,2
89.99,3
90.00999999999999,0
90.02999999999999,2
90.05,0
90.07,4
90.08999999999999,1
90.10999999999999,2
90.13,1
90.14999999999999,3
90.16999999999999,1
90.19,3
90.21,0
90.22999999999999,1
90.24999999999999,1
90.27,0
90.28999999999999,2
90.30999999999999,0
90.33,1
90.35,7
90.36999999999999,1
90.38999999999999,1
90.41,1
90.42999999999999,2
90.44999999999999,1
90.47,3
90.49,1
90.50999999999999,2
90.52999999999999,1
90.55,2
90.57,2
90.58999999999999,0
90.60999999999999,1
90.63,1
90.64999999999999,1
90.66999999999999,3
90.69,1
90.71,2
90.72999999999999,0
90.74999999999999,3
90.77,0
90.78999999999999,1
90.80999999999999,0
90.83,0
90.85,1
90.86999999999999,1
90.88999999999999,2
90.91,0
90.92999999999999,1
90.94999999999999,2
90.97,1
90.99,0
91.00999999999999,1
91.02999999999999,2
91.05,4
91.07,4
91.08999999999999,0
91.10999999999999,1
91.13,2
91.14999999999999,1
91.16999999999999,0
91.19,3
91.21,2
91.22999999999999,1
91.24999999999999,0
91.27,4
91.28999999999999,1
91.30999999999999,0
91.33,3
91.35,1
91.36999999999999,1
91.38999999999999,0
91.41,1
91.42999999999999,3
91.44999999999999,2
91.47,3
91.49,1
91.50999999999999,1
91.52999999999999,1
91.55,2
91.57,3
91.58999999999999,1
91.60999999999999,1
91.63,0
91.64999999999999,0
91.66999999999999,0
91.69,0
91.71,0
91.72999999999999,1
91.74999999999999,2
91.77,2
91.78999999999999,2
91.80999999999999,2
91.83,1
91.85,4
91.86999999999999,0
91.88999999999999,0
91.91,1
91.92999999999999,0
91.94999999999999,2
91.97,1
91.99,0
92.00999999999999,3
92.02999999999999,1
92.05,2
92.07,3
92.08999999999999,2
92.10999999999999,2
92.13,1
92.14999999999999,2
92.16999999999999,1
92.19,1
92.21,3
92.22999999999999,3
92.24999999999999,0
92.27,2
92.28999999999999,1
92.30999999999999,4
92.33,1
92.35,1
92.36999999999999,1
92.38999999999999,1
92.41,0
92.42999999999999,2
92.44999999999999,1
92.47,2
92.49,0
92.50999999999999,2
92.52999999999999,4
92.55,0
92.57,3
92.58999999999999,3
92.60999999999999,4
92.63,2
92.64999999999999,3
92.66999999999999,0
92.69,0
92.71,1
92.72999999999999,0
92.74999999999999,1
92.77,3
92.78999999999999,2
92.80999999999999,2
92.83,2
92.85,1
92.86999999999999,0
92.88999999999999,2
92.91,0
92.92999999999999,3
92.94999999999999,4
92.96999999999998,2
92.99,1
93.00999999999999,2
93.02999999999999,1
93.05,1
93.07,2
93.08999999999999,2
93.10999999999999,0
93.13,0
93.14999999999999,2
93.16999999999999,2
93.19,1
93.21,0
93.22999999999999,2
93.24999999999999,3
93.27,4
93.28999999999999,2
93.30999999999999,0
93.33,5
93.35,0
93.36999999999999,1
93.38999999999999,0
93.41,0
93.42999999999999,0
93.44999999999999,3
93.46999999999998,1
93.49,3
93.50999999999999,1
93.52999999999999,1
93.55,1
93.57,1
93.58999999999999,1
93.60999999999999,2
93.63,0
93.64999999999999,1
93.66999999999999,1
93.69,1
93.71,3
93.72999999999999,0
93.74999999999999,0
93.77,3
93.78999999999999,1
93.80999999999999,4
93.83,2
93.85,2
93.86999999999999,1
93.88999999999999,3
93.91,1
93.92999999999999,3
93.94999999999999,0
93.96999999999998,1
93.99,0
94.00999999999999,5
94.02999999999999,2
94.05,3
94.07,1
94.08999999999999,0
94.10999999999999,4
94.13,3
94.14999999999999,2
94.16999999999999,1
94.19,3
94.21,3
94.22999999999999,1
94.24999999999999,1
94.27,0
94.28999999999999,0
94.30999999999999,0
94.33,1
94.35,1
94.36999999999999,2
94.38999999999999,1
94.41,1
94.42999999999999,1
94.44999999999999,1
94.46999999999998,4
94.49,0
94.50999999999999,1
94.52999999999999,0
94.55,1
94.57,2
94.58999999999999,2
94.60999999999999,3
94.63,0
94.64999999999999,3
94.66999999999999,1
94.69,3
94.71,2
94.72999999999999,2
94.74999999999999,3
94.77,1
94.78999999999999,1
94.80999999999999,0
94.83,0
94.85,1
94.86999999999999,0
94.88999999999999,2
94.91,4
94.92999999999999,1
94.94999999999999,2
94.96999999999998,2
94.99,3
95.00999999999999,3
95.02999999999999,1
95.05,0
95.07,1
95.08999999999999,2
95.10999999999999,1
95.13,0
95.14999999999999,2
95.16999999999999,0
95.19,1
95.21,1
95.22999999999999,1
95.24999999999999,1
95.27,2
95.28999999999999,1
95.30999999999999,2
95.33,0
95.35,4
95.36999999999999,2
95.38999999999999,1
95.41,2
95.42999999999999,1
95.44999999999999,1
95.46999999999998,0
95.49,1
95.50999999999999,6
95.52999999999999,2
95.55,0
95.57,6
95.58999999999999,1
95.60999999999999,4
95.63,1
95.64999999999999,1
95.66999999999999,1
95.69,3
95.71,1
95.72999999999999,1
95.74999999999999,2
95.77,0
95.78999999999999,0
95.80999999999999,1
95.83,2
95.85,1
95.86999999999999,1
95.88999999999999,0
95.91,0
95.92999999999999,0
95.94999999999999,0
95.96999999999998,1
95.99,4
96.00999999999999,0
96.02999999999999,1
96.05,3
96.07,1
96.08999999999999,1
96.10999999999999,2
96.13,1
96.14999999999999,1
96.16999999999999,2
96.19,3
96.21,2
96.22999999999999,1
96.24999999999999,2
96.27,1
96.28999999999999,2
96.30999999999999,1
96.32999999999998,2
96.35,1
96.36999999999999,0
96.38999999999999,0
96.41,1
96.42999999999999,2
96.44999999999999,0
96.46999999999998,1
96.49,2
96.50999999999999,0
96.52999999999999,1
96.55,2
96.57,3
96.58999999999999,4
96.60999999999999,2
96.63,0
96.64999999999999,2
96.66999999999999,3
96.69,3
96.71,1
96.72999999999999,1
96.74999999999999,1
96.77,2
96.78999999999999,1
96.80999999999999,0
96.82999999999998,0
96.85,1
96.86999999999999,1
96.88999999999999,1
96.91,1
96.92999999999999,2
96.94999999999999,3
96.96999999999998,3
96.99,2
97.00999999999999,1
97.02999999999999,3
97.05,3
97.07,2
97.08999999999999,1
97.10999999999999,0
97.13,1
97.14999999999999,1
97.16999999999999,4
97.19,2
97.21,3
97.22999999999999,3
97.24999999999999,1
97.27,3
97.28999999999999,0
97.30999999999999,2
97.32999999999998,4
97.35,4
97.36999999999999,0
97.38999999999999,0
97.41,4
97.42999999999999,2
97.44999999999999,2
97.46999999999998,0
97.49,2
97.50999999999999,1
97.52999999999999,2
97.55,2
97.57,4
97.58999999999999,1
97.60999999999999,4
97.63,1
97.64999999999999,1
97.66999999999999,2
97.69,1
97.71,2
97.72999999999999,2
97.74999999999999,0
97.77,4
97.78999999999999,1
97.80999999999999,0
97.82999999999998,1
97.85,0
97.86999999999999,1
97.88999999999999,0
97.91,1
97.92999999999999,1
97.94999999999999,1
97.96999999999998,2
97.99,2
98.00999999999999,2
98.02999999999999,2
98.05,4
98.07,3
98.08999999999999,4
98.10999999999999,2
98.13,2
98.14999999999999,0
98.16999999999999,2
98.19,2
98.21,1
98.22999999999999,3
98.24999999999999,0
98.27,2
98.28999999999999,1
98.30999999999999,2
98.32999999999998,0
98.35,3
98.36999999999999,1
98.38999999999999,0
98.41,1
98.42999999999999,0
98.44999999999999,1
98.46999999999998,2
98.49,3
98.50999999999999,1
98.52999999999999,3
98.55,1
98.57,0
98.58999999999999,0
98.60999999999999,4
98.63,2
98.64999999999999,0
98.66999999999999,1
98.69,0
98.71,0
98.72999999999999,1
98.74999999999999,2
98.77,3
98.78999999999999,0
98.80999999999999,0
98.82999999999998,1
98.85,4
98.86999999999999,1
98.88999999999999,1
98.91,3
98.92999999999999,1
98.94999999999999,3
98.96999999999998,1
98.99,3
99.00999999999999,1
99.02999999999999,0
99.05,1
99.07,2
99.08999999999999,0
99.10999999999999,0
99.13,1
99.14999999999999,1
99.16999999999999,1
99.19,2
99.21,1
99.22999999999999,0
99.24999999999999,0
99.27,2
99.28999999999999,2
99.30999999999999,1
99.32999999999998,0
99.35,0
99.36999999999999,0
99.38999999999999,0
99.41,2
99.42999999999999,1
99.44999999999999,1
99.46999999999998,2
99.49,2
99.50999999999999,0
99.52999999999999,0
99.55,1
99.57,2
99.58999999999999,1
99.60999999999999,2
99.63,3
99.64999999999999,1
99.66999999999999,3
99.69,0
99.71,2
99.72999999999999,2
99.74999999999999,6
99.77,5
99.78999999999999,4
99.80999999999999,2
99.82999999999998,2
99.85,2
99.86999999999999,0
99.88999999999999,1
99.91,2
99.92999999999999,3
99.94999999999999,0
99.96999999999998,2
99.99,1
100.00999999999999,1
100.02999999999999,2
100.05,0
100.07,0
100.08999999999999,1
100.10999999999999,2
100.13,0
100.14999999999999,1
100.16999999999999,0
100.18999999999998,1
100.21,2
100.22999999999999,1
100.24999999999999,1
100.27,0
100.28999999999999,2
100.30999999999999,2
100.32999999999998,2
100.35,1
100.36999999999999,2
100.38999999999999,0
100.41,3
100.42999999999999,0
100.44999999999999,2
100.46999999999998,2
100.49,2
100.50999999999999,2
100.52999999999999,1
100.55,1
100.57,1
100.58999999999999,1
100.60999999999999,0
100.63,1
100.64999999999999,3
100.66999999999999,2
100.68999999999998,0
100.71,0
100.72999999999999,1
100.74999999999999,0
100.77,3
100.78999999999999,1
100.80999999999999,1
100.82999999999998,0
100.85,3
100.86999999999999,1
100.88999999999999,2
100.91,2
100.92999999999999,1
100.94999999999999,5
100.96999999999998,0
100.99,1
101.00999999999999,3
101.02999999999999,2
101.05,1
101.07,1
101.08999999999999,4
101.10999999999999,0
101.13,2
101.14999999999999,6
101.16999999999999,3
101.18999999999998,1
101.21,2
101.22999999999999,2
101.24999999999999,1
101.27,3
101.28999999999999,0
101.30999999999999,1
101.32999999999998,3
101.35,2
101.36999999999999,2
101.38999999999999,0
101.41,3
101.42999999999999,2
101.44999999999999,1
101.46999999999998,0
101.49,2
101.50999999999999,2
101.52999999999999,1
101.55,1
101.57,3
101.58999999999999,0
101.60999999999999,3
101.63,0
101.64999999999999,1
101.66999999999999,1
101.68999999999998,2
101.71,2
101.72999999999999,3
101.74999999999999,1
101.77,0
101.78999999999999,1
101.80999999999999,2
101.82999999999998,1
101.85,0
101.86999999999999,5
101.88999999999999,1
101.91,1
101.92999999999999,0
101.94999999999999,0
101.96999999999998,3
101.99,1
102.00999999999999,1
102.02999999999999,1
102.05,3
102.07,5
102.08999999999999,3
102.10999999999999,2
102.13,4
102.14999999999999,5
102.16999999999999,1
102.18999999999998,1
102.21,3
102.22999999999999,0
102.24999999999999,3
102.27,2
102.28999999999999,0
102.30999999999999,8
102.32999999999998,3
102.35,3
102.36999999999999,1
102.38999999999999,4
102.41,1
102.42999999999999,0
102.44999999999999,1
102.46999999999998,1
102.49,4
102.50999999999999,2
102.52999999999999,3
102.55,2
102.57,1
102.58999999999999,0
102.60999999999999,0
102.63,0
102.64999999999999,1
102.66999999999999,2
102.68999999999998,3
102.71,5
102.72999999999999,2
102.74999999999999,2
102.77,0
102.78999999999999,4
102.80999999999999,3
102.82999999999998,2
102.85,5
102.86999999999999,5
102.88999999999999,0
102.91,4
102.92999999999999,1
102.94999999999999,4
102.96999999999998,5
102.99,5
103.00999999999999,1
103.02999999999999,3
103.05,2
103.07,4
103.08999999999999,5
103.10999999999999,6
103.13,7
103.14999999999999,3
103.16999999999999,4
103.18999999999998,5
103.21,3
103.22999999999999,6
103.24999999999999,3
103.27,5
103.28999999999999,5
103.30999999999999,3
103.32999999999998,3
103.35,5
103.36999999999999,4
103.38999999999999,2
103.41,6
103.42999999999999,4
103.44999999999999,4
103.46999999999998,7
103.49,7
103.50999999999999,6
103.52999999999999,4
103.55,5
103.57,7
103.58999999999999,4
103.60999999999999,4
103.63,3
103.64999999999999,7
103.66999999999999,5
103.68999999999998,5
103.71,10
103.72999999999999,8
103.74999999999999,13
103.77,12
103.78999999999999,8
103.80999999999999,11
103.82999999999998,16
103.85,14
103.86999999999999,10
103.88999999999999,24
103.91,26
103.92999999999999,29
103.94999999999999,44
103.96999999999998,44
103.99,47
104.00999999999999,80
104.02999999999999,110
104.04999999999998,208
104.07,429
104.08999999999999,1083
104.10999999999999,3002
104.13,12354
104.14999999999999,65176
104.16999999999999,128722
104.18999999999998,77498
104.21,33374
104.22999999999999,14196
104.24999999999999,5669
104.27,1728
104.28999999999999,452
104.30999999999999,181
104.32999999999998,129
104.35,72
104.36999999999999,47
104.38999999999999,39
104.41,47
104.42999999999999,34
104.44999999999999,23
104.46999999999998,28
104.49,15
104.50999999999999,18
104.52999999999999,10
104.54999999999998,18
104.57,12
104.58999999999999,11
104.60999999999999,10
104.63,10
104.64999999999999,11
104.66999999999999,10
104.68999999999998,7
104.71,7
104.72999999999999,3
104.74999999999999,8
104.77,9
104.78999999999999,5
104.80999999999999,6
104.82999999999998,9
104.85,1
104.86999999999999,8
104.88999999999999,6
104.91,3
104.92999999999999,6
104.94999999999999,5
104.96999999999998,1
104.99,5
105.00999999999999,6
105.02999999999999,8
105.04999999999998,2
105.07,1
105.08999999999999,2
105.10999999999999,9
105.13,7
105.14999999999999,2
105.16999999999999,4
105.18999999999998,3
105.21,1
105.22999999999999,1
105.24999999999999,2
105.27,1
105.28999999999999,5
105.30999999999999,4
105.32999999999998,2
105.35,2
105.36999999999999,2
105.38999999999999,6
105.41,1
105.42999999999999,2
105.44999999999999,3
105.46999999999998,3
105.49,1
105.50999999999999,2
105.52999999999999,1
105.54999999999998,2
105.57,2
105.58999999999999,6
105.60999999999999,0
105.63,1
105.64999999999999,2
105.66999999999999,1
105.68999999999998,4
105.71,1
105.72999999999999,0
105.74999999999999,1
105.77,1
105.78999999999999,2
105.80999999999999,4
105.82999999999998,1
105.85,1
105.86999999999999,3
105.88999999999999,1
105.91,1
105.92999999999999,5
105.94999999999999,1
105.96999999999998,4
105.99,2
106.00999999999999,2
106.02999999999999,0
106.04999999999998,1
106.07,4
106.08999999999999,4
106.10999999999999,2
106.13,3
106.14999999999999,2
106.16999999999999,3
106.18999999999998,2
106.21,1
106.22999999999999,1
106.24999999999999,4
106.27,2
106.28999999999999,2
106.30999999999999,3
106.32999999999998,2
106.35,1
106.36999999999999,3
106.38999999999999,1
106.41,5
106.42999999999999,3
106.44999999999999,4
106.46999999999998,2
106.49,5
106.50999999999999,2
106.52999999999999,0
106.54999999999998,3
106.57,4
106.58999999999999,0
106.60999999999999,2
106.63,4
106.64999999999999,2
106.66999999999999,4
106.68999999999998,0
106.71,3
106.72999999999999,4
106.74999999999999,4
106.77,0
106.78999999999999,2
106.80999999999999,2
106.82999999999998,1
106.85,1
106.86999999999999,1
106.88999999999999,0
106.91,0
106.92999999999999,1
106.94999999999999,0
106.96999999999998,0
106.99,0
107.00999999999999,0
107.02999999999999,1
107.04999999999998,0
107.07,1
107.08999999999999,1
107.10999999999999,3
107.13,0
107.14999999999999,0
107.16999999999999,1
107.18999999999998,0
107.21,0
107.22999999999999,1
107.24999999999999,2
107.27,0
107.28999999999999,1
107.30999999999999,1
107.32999999999998,1
107.35,0
107.36999999999999,1
107.38999999999999,4
107.40999999999998,0
107.42999999999999,1
107.44999999999999,1
107.46999999999998,2
107.49,0
107.50999999999999,3
107.52999999999999,0
107.54999999999998,2
107.57,2
107.58999999999999,3
107.60999999999999,1
107.63,1
107.64999999999999,2
107.66999999999999,1
107.68999999999998,0
107.71,0
107.72999999999999,1
107.74999999999999,2
107.77,3
107.78999999999999,4
107.80999999999999,1
107.82999999999998,1
107.85,1
107.86999999999999,4
107.88999999999999,0
107.90999999999998,4
107.92999999999999,1
107.94999999999999,2
107.96999999999998,3
107.99,0
108.00999999999999,0
108.02999999999999,0
108.04999999999998,0
108.07,0
108.08999999999999,1
108.10999999999999,0
108.13,3
108.14999999999999,1
108.16999999999999,2
108.18999999999998,2
108.21,2
108.22999999999999,0
108.24999999999999,1
108.27,3
108.28999999999999,3
108.30999999999999,1
108.32999999999998,1
108.35,1
108.36999999999999,1
108.38999999999999,1
108.40999999999998,2
108.42999999999999,1
108.44999999999999,1
108.46999999999998,4
108.49,1
108.50999999999999,0
108.52999999999999,0
108.54999999999998,0
108.57,3
108.58999999999999,1
108.60999999999999,2
108.63,0
108.64999999999999,2
108.66999999999999,3
108.68999999999998,1
108.71,2
108.72999999999999,0
108.74999999999999,1
108.77,2
108.78999999999999,1
108.80999999999999,1
108.82999999999998,0
108.85,2
108.86999999999999,2
108.88999999999999,2
108.90999999999998,2
108.92999999999999,3
108.94999999999999,1
108.96999999999998,4
108.99,1
109.00999999999999,1
109.02999999999999,0
109.04999999999998,3
109.07,2
109.08999999999999,0
109.10999999999999,0
109.13,0
109.14999999999999,0
109.16999999999999,2
109.18999999999998,2
109.21,1
109.22999999999999,0
109.24999999999999,1
109.27,1
109.28999999999999,2
109.30999999999999,2
109.32999999999998,1
109.35,2
109.36999999999999,0
109.38999999999999,1
109.40999999999998,1
109.42999999999999,1
109.44999999999999,1
109.46999999999998,1
109.49,0
109.50999999999999,2
109.52999999999999,1
109.54999999999998,2
109.57,0
109.58999999999999,1
109.60999999999999,0
109.63,1
109.64999999999999,2
109.66999999999999,4
109.68999999999998,0
109.71,0
109.72999999999999,4
109.74999999999999,0
109.77,2
109.78999999999999,2
109.80999999999999,2
109.82999999999998,0
109.85,0
109.86999999999999,2
109.88999999999999,0
109.90999999999998,1
109.92999999999999,0
109.94999999999999,1
109.96999999999998,3
109.99,2
110.00999999999999,0
110.02999999999999,3
110.04999999999998,0
110.07,3
110.08999999999999,0
110.10999999999999,1
110.13,2
110.14999999999999,0
110.16999999999999,3
110.18999999999998,0
110.21,2
110.22999999999999,2
110.24999999999999,0
110.27,3
110.28999999999999,1
110.30999999999999,1
110.32999999999998,2
110.35,0
110.36999999999999,1
110.38999999999999,0
110.40999999999998,1
110.42999999999999,0
110.44999999999999,2
110.46999999999998,2
110.49,2
110.50999999999999,2
110.52999999999999,1
110.54999999999998,2
110.57,1
110.58999999999999,1
110.60999999999999,2
110.63,1
110.64999999999999,1
110.66999999999999,1
110.68999999999998,1
110.71,1
110.72999999999999,2
110.74999999999999,3
110.77,2
110.78999999999999,3
110.80999999999999,1
110.82999999999998,4
110.85,1
110.86999999999999,0
110.88999999999999,1
110.90999999999998,1
110.92999999999999,2
110.94999999999999,3
110.96999999999998,2
110.99,0
111.00999999999999,1
111.02999999999999,0
111.04999999999998,2
111.07,2
111.08999999999999,2
111.10999999999999,1
111.13,0
111.14999999999999,0
111.16999999999999,2
111.18999999999998,3
111.21,1
111.22999999999999,3
111.24999999999999,0
111.26999999999998,1
111.28999999999999,1
111.30999999999999,1
111.32999999999998,0
111.35,0
111.36999999999999,2
111.38999999999999,0
111.40999999999998,0
111.42999999999999,1
111.44999999999999,5
111.46999999999998,1
111.49,0
111.50999999999999,1
111.52999999999999,2
111.54999999999998,2
111.57,0
111.58999999999999,1
111.60999999999999,0
111.63,4
111.64999999999999,2
111.66999999999999,1
111.68999999999998,1
111.71,1
111.72999999999999,0
111.74999999999999,1
111.76999999999998,1
111.78999999999999,3
111.80999999999999,2
111.82999999999998,0
111.85,1
111.86999999999999,3
111.88999999999999,0
111.90999999999998,1
111.92999999999999,3
111.94999999999999,0
111.96999999999998,1
111.99,2
112.00999999999999,2
112.02999999999999,2
112.04999999999998,1
112.07,0
112.08999999999999,0
112.10999999999999,1
112.13,1
112.14999999999999,1
112.16999999999999,4
112.18999999999998,1
112.21,4
112.22999999999999,2
112.24999999999999,2
112.26999999999998,1
112.28999999999999,0
112.30999999999999,3
112.32999999999998,1
112.35,1
112.36999999999999,0
112.38999999999999,1
112.40999999999998,2
112.42999999999999,3
112.44999999999999,2
112.46999999999998,0
112.49,2
112.50999999999999,0
112.52999999999999,2
112.54999999999998,1
112.57,1
112.58999999999999,2
112.60999999999999,1
112.63,5
112.64999999999999,0
112.66999999999999,0
112.68999999999998,1
112.71,2
112.72999999999999,0
112.74999999999999,0
112.76999999999998,1
112.78999999999999,0
112.80999999999999,2
112.82999999999998,1
112.85,2
112.86999999999999,2
112.88999999999999,0
112.90999999999998,3
112.92999999999999,1
112.94999999999999,3
112.96999999999998,0
112.99,1
113.00999999999999,2
113.02999999999999,2
113.04999999999998,2
113.07,2
113.08999999999999,3
113.10999999999999,2
113.13,1
113.14999999999999,1
113.16999999999999,2
113.18999999999998,0
113.21,1
113.22999999999999,2
113.24999999999999,0
113.26999999999998,2
113.28999999999999,0
113.30999999999999,0
113.32999999999998,2
113.35,3
113.36999999999999,1
113.38999999999999,1
113.40999999999998,1
113.42999999999999,1
113.44999999999999,2
113.46999999999998,2
113.49,2
113.50999999999999,3
113.52999999999999,0
113.54999999999998,2
113.57,1
113.58999999999999,4
113.60999999999999,3
113.63,3
113.64999999999999,1
113.66999999999999,2
113.68999999999998,1
113.71,2
113.72999999999999,0
113.74999999999999,4
113.76999999999998,3
113.78999999999999,0
113.80999999999999,1
113.82999999999998,1
113.85,0
113.86999999999999,2
113.88999999999999,0
113.90999999999998,2
113.92999999999999,0
113.94999999999999,1
113.96999999999998,1
113.99,2
114.00999999999999,1
114.02999999999999,3
114.04999999999998,3
114.07,0
114.08999999999999,0
114.10999999999999,1
114.13,1
114.14999999999999,2
114.16999999999999,2
114.18999999999998,2
114.21,0
114.22999999999999,2
114.24999999999999,0
114.26999999999998,2
114.28999999999999,1
114.30999999999999,1
114.32999999999998,1
114.35,0
114.36999999999999,1
114.38999999999999,2
114.40999999999998,3
114.42999999999999,1
114.44999999999999,1
114.46999999999998,0
114.49,1
114.50999999999999,3
114.52999999999999,2
114.54999999999998,3
114.57,0
114.58999999999999,1
114.60999999999999,1
114.63,1
114.64999999999999,1
114.66999999999999,1
114.68999999999998,1
114.71,0
114.72999999999999,1
114.74999999999999,0
114.76999999999998,1
114.78999999999999,2
114.80999999999999,4
114.82999999999998,4
114.85,0
114.86999999999999,2
114.88999999999999,0
114.90999999999998,1
114.92999999999999,4
114.94999999999999,1
114.96999999999998,2
114.99,2
115.00999999999999,0
115.02999999999999,2
115.04999999999998,0
115.07,1
115.08999999999999,1
115.10999999999999,2
115.12999999999998,2
115.14999999999999,0
115.16999999999999,1
115.18999999999998,2
115.21,1
115.22999999999999,0
115.24999999999999,2
115.26999999999998,3
115.28999999999999,0
115.30999999999999,3
115.32999999999998,3
115.35,3
115.36999999999999,2
115.38999999999999,1
115.40999999999998,0
115.42999999999999,0
115.44999999999999,1
115.46999999999998,2
115.49,3
115.50999999999999,0
115.52999999999999,2
115.54999999999998,1
115.57,1
115.58999999999999,1
115.60999999999999,2
115.62999999999998,2
115.64999999999999,4
115.66999999999999,2
115.68999999999998,3
115.71,1
115.72999999999999,2
115.74999999999999,2
115.76999999999998,1
115.78999999999999,1
115.80999999999999,1
115.82999999999998,2
115.85,1
115.86999999999999,3
115.88999999999999,1
115.90999999999998,1
115.92999999999999,2
115.94999999999999,0
115.96999999999998,2
115.99,3
116.00999999999999,1
116.02999999999999,2
116.04999999999998,5
116.07,4
116.08999999999999,4
116.10999999999999,1
116.12999999999998,1
116.14999999999999,1
116.16999999999999,1
116.18999999999998,2
116.21,1
116.22999999999999,0
116.24999999999999,1
116.26999999999998,1
116.28999999999999,1
116.30999999999999,3
116.32999999999998,3
116.35,1
116.36999999999999,1
116.38999999999999,2
116.40999999999998,2
116.42999999999999,1
116.44999999999999,1
116.46999999999998,0
116.49,3
116.50999999999999,1
116.52999999999999,1
116.54999999999998,1
116.57,0
116.58999999999999,0
116.60999999999999,1
116.62999999999998,2
116.64999999999999,0
116.66999999999999,2
116.68999999999998,2
116.71,3
116.72999999999999,1
116.74999999999999,0
116.76999999999998,0
116.78999999999999,2
116.80999999999999,0
116.82999999999998,1
116.85,0
116.86999999999999,1
116.88999999999999,1
116.90999999999998,1
116.92999999999999,3
116.94999999999999,3
116.96999999999998,1
116.99,0
117.00999999999999,2
117.02999999999999,1
117.04999999999998,0
117.07,1
117.08999999999999,1
117.10999999999999,0
117.12999999999998,1
117.14999999999999,0
117.16999999999999,1
117.18999999999998,6
117.21,2
117.22999999999999,2
117.24999999999999,5
117.26999999999998,1
117.28999999999999,2
117.30999999999999,0
117.32999999999998,1
117.35,1
117.36999999999999,0
117.38999999999999,2
117.40999999999998,2
117.42999999999999,1
117.44999999999999,2
117.46999999999998,3
117.49,4
117.50999999999999,1
117.52999999999999,1
117.54999999999998,3
117.57,2
117.58999999999999,1
117.60999999999999,2
117.62999999999998,0
117.64999999999999,0
117.66999999999999,1
117.68999999999998,0
117.71,3
117.72999999999999,1
117.74999999999999,0
117.76999999999998,1
117.78999999999999,1
117.80999999999999,0
117.82999999999998,1
117.85,0
117.86999999999999,1
117.88999999999999,1
117.90999999999998,1
117.92999999999999,1
117.94999999999999,3
117.96999999999998,2
117.99,2
118.00999999999999,0
118.02999999999999,1
118.04999999999998,1
118.07,0
118.08999999999999,2
118.10999999999999,1
118.12999999999998,3
118.14999999999999,0
118.16999999999999,2
118.18999999999998,2
118.21,2
118.22999999999999,0
118.24999999999999,3
118.26999999999998,5
118.28999999999999,0
118.30999999999999,2
118.32999999999998,1
118.35,1
118.36999999999999,0
118.38999999999999,2
118.40999999999998,2
118.42999999999999,1
118.44999999999999,1
118.46999999999998,3
118.49,4
118.50999999999999,1
118.52999999999999,2
118.54999999999998,0
118.57,1
118.58999999999999,0
118.60999999999999,2
118.62999999999998,0
118.64999999999999,3
118.66999999999999,1
118.68999999999998,3
118.71,5
118.72999999999999,1
118.74999999999999,1
118.76999999999998,0
118.78999999999999,0
118.80999999999999,2
118.82999999999998,1
118.85,1
118.86999999999999,1
118.88999999999999,1
118.90999999999998,0
118.92999999999999,0
118.94999999999999,1
118.96999999999998,2
118.98999999999998,1
119.00999999999999,2
119.02999999999999,1
119.04999999999998,2
119.07,0
119.08999999999999,2
119.10999999999999,3
119.12999999999998,1
119.14999999999999,0
119.16999999999999,0
119.18999999999998,1
119.21,1
119.22999999999999,1
119.24999999999999,2
119.26999999999998,2
119.28999999999999,2
119.30999999999999,4
119.32999999999998,2
119.35,0
119.36999999999999,1
119.38999999999999,1
119.40999999999998,4
119.42999999999999,3
119.44999999999999,3
119.46999999999998,0
119.48999999999998,1
119.50999999999999,0
119.52999999999999,4
119.54999999999998,3
119.57,1
119.58999999999999,0
119.60999999999999,1
119.62999999999998,2
119.64999999999999,0
119.66999999999999,2
119.68999999999998,0
119.71,2
119.72999999999999,4
119.74999999999999,0
119.76999999999998,0
119.78999999999999,1
119.80999999999999,2
119.82999999999998,2
119.85,3
119.86999999999999,1
119.88999999999999,2
119.90999999999998,3
119.92999999999999,1
119.94999999999999,1
119.96999999999998,0
119.99,2
